t_theraid,t_theraname
CR6766,Cassandra Riley
CL5900,Charles Love
HG4847,Hayfa Gomez
IK1580,Ina Kaufman
MA1919,Mira Alvarado
KV2304,Kyla Valencia
KC1062,Kim Church
JY5755,Jakeem Yates
CW2701,Carson Wise
AH2289,Allen Harmon
MW2959,Matthew Wolfe
KL5001,Kasper Little
AS7870,Abbot Stanton
JM1719,Jamalia Mcdonald
WB5955,Wendy Butler
AC3452,Abdul Collins
VF5675,Vera Fuller
SR5863,Sean Rios
IB8348,Ifeoma Barber
OH2052,Octavius Hood
HF7773,Harriet French
LB4297,Luke Browning
TD3522,Tatiana Doyle
CB3571,Courtney Bray
CC6797,Cruz Cameron
SR8570,Sawyer Randolph
AB8344,Adrienne Browning
KP3269,Kyle Pena
YV8079,Yvette Vincent
XR6573,Xandra Rodgers
SP1218,Silas Pugh
DC3323,Dylan Craft
AC7057,Ashely Carlson
IB5077,Ishmael Bowers
AA2304,Arthur Adkins
DH3374,Devin Horton
AH3662,Alice Hoffman
KR9051,Kermit Rowe
HS4904,Harlan Skinner
BL9654,Barrett Lawson
CV5801,Chancellor Vaughan
OG2195,Oleg Glass
SR6553,Selma Russell
EM5516,Ezekiel Morris
VV2409,Vanna Velasquez
MM7011,Merrill Mccray
TW6672,Tana Ware
CR6252,Clark Raymond
EM9123,Elaine Mcclain
BH7428,Burke Howe
MR8273,Marah Roth
BP1139,Brock Puckett
DR5425,Demetria Rutledge
HD1947,Hillary Dominguez
BL4144,Benjamin Lewis
RG8200,Roanna Garrett
CP5467,Ciaran Patrick
LM4330,Lewis Mccoy
MM8056,Marah Mckay
NW1675,Naida Whitehead
EW2886,Eagan Whitfield
SM8588,Scarlett Mitchell
LH7757,Levi Harding
AE6293,Athena Edwards
LB8839,Leila Bernard
JB3519,Jolene Butler
YQ6532,Yasir Quinn
EP7839,Erasmus Pittman
GL6835,Giselle Lynch
RR8972,Ryder Riggs
SO9560,Stella Olsen
DN3878,Deborah Nunez
MV5031,Martin Valenzuela
RM2049,Rashad Mcintyre
RB7749,Risa Bentley
AB8194,Avye Benton
CL9453,Callum Lambert
MO1283,Matthew Ortega
JR1982,Justina Rivera
IM2719,Irene Murray
NS5592,Nathaniel Soto
AM1235,Avye Merrill
OB6109,Omar Bruce
OW8553,Owen White
HM9143,Harrison Mendez
EV1301,Echo Vaughan
RC4196,Rachel Campbell
SD8148,Summer Donaldson
KR1073,Kelly Richmond
MF4174,Mariam French
PH3775,Prescott Hopkins
KC6889,Kimberly Carney
SS1156,Salvador Sims
TG7968,Tucker Guerrero
CF5393,Cassandra Fuentes
JO6004,Justine O'donnell
CF3046,Colby Foster
SL3321,Sierra Lamb
LW3827,Lee Walls
TM8111,Tad Mosley
EO8734,Elvis Olsen
KL7809,Kane Lucas
KH2397,Kane Hammond
DW1235,Drew Wolf
IA9840,Imani Ayala
SS6723,Sydnee Strickland
CE6643,Colton Ellison
MG7343,Marvin Goodwin
VB3569,Veronica Bowen
KV3690,Kylie Vance
DW7405,Dorian Webb
HG7041,Haviva Graves
CA1596,Cain Alston
CP5393,Carson Pace
IB7108,Iris Burris
AS1437,Abbot Santana
CV8369,Clayton Vasquez
NW2569,Noble Wolf
WM5537,Whitney Madden
MM8436,Matthew Maldonado
EW4694,Eliana Whitney
AV1038,Althea Vincent
HP3099,Hayden Perry
LG5674,Lance Gaines
IG1277,Isaac Gilliam
DW4151,Darryl Walters
LM8157,Leila Mosley
HC4024,Heidi Calderon
XW8779,Xantha Weaver
MP7621,Mary Pittman
AF4415,Alana Flowers
GL8826,Grady Langley
MM3746,Maggy Mckee
AE3409,Alec Ellis
OM2283,Oliver Mendoza
SC7463,Shana Chase
KF3338,Keely Fuller
MS4330,Margaret Simmons
MT7506,MacKensie Tran
KS5093,Kessie Spence
AF3658,Arsenio Fuentes
EH4531,Emery Hull
CW9449,Caldwell Warren
NC7648,Neville Cross
OS9076,Oren Silva
WC6769,Wesley Cole
AS9786,Anne Shelton
JL8162,Jasmine Lopez
SS3421,Shelley Sanders
IB4031,Iris Bush
KN5247,Kevin Nguyen
OB6851,Ocean Barton
YM1039,Yuli Mcbride
GN7411,Gabriel Nolan
CF3032,Cameron Fernandez
CR3462,Camden Rich
EW9602,Emmanuel Wells
HK2146,Harlan Kirkland
KS9736,Keaton Sexton
GM2614,Germaine Maxwell
NM2799,Nathaniel Mercer
TS5828,Tarik Spencer
KS7184,Kathleen Santiago
PH2420,Patience Hudson
DO5771,Dylan O'connor
KB4801,Kermit Bray
MB1881,Mary Briggs
MM3228,Margaret Mack
YG4960,Yardley Gilmore
SP7959,Stone Powers
MR6235,Matthew Robertson
PS4370,Paki Shields
TW4263,Troy Wright
NW6837,Noelle Wyatt
BM8246,Bree Merrill
HK5669,Hedley Kent
PH1208,Price Harmon
EH8282,Evan Harvey
JE3117,Jessamine Espinoza
LD3102,Libby Dodson
FC7683,Fallon Cummings
CH5657,Cara Herman
JM1452,Joel Moon
CJ4229,Castor Jordan
AC2239,Asher Chavez
KF1315,Kyra Faulkner
SY2896,Stuart Young
EF6119,Emerson Flores
OH8182,Omar Hunter
GH8694,Graham Hunter
MM2698,Megan Mclaughlin
NW3096,Nissim Witt
OB5045,Owen Banks
DB8258,Darius Bolton
RS5677,Ralph Schultz
NR5979,Nell Rush
EH4597,Ebony Hinton
TA9455,Tallulah Anderson
RO5353,Ray Oliver
WM4490,Wesley Miranda
GM9562,Grant Merrill
MG7032,Macey Gilmore
HB2036,Hope Buchanan
AC4234,Audrey Clemons
BP5493,Brett Parsons
JM3731,Jacob Mccarty
DB3807,Dale Berger
RG9479,Renee Golden
SB4963,Shelley Boyer
CW9415,Ciara Wynn
DF5793,Drake Franks
BD1670,Barclay Dominguez
RH4074,Regina Hendricks
GM9623,Gloria Mcmahon
WS4875,Warren Shepard
KP6617,Kirk Patton
JC8351,Jillian Cochran
KR2133,Kevyn Robles
NT5371,Noble Townsend
JW4261,Janna Workman
AE1982,Amaya Ellis
HG3190,Hiram Garcia
SR5700,Shana Rivers
NC1870,Nelle Charles
GP9070,Germaine Pena
MB6294,Macy Baird
GM2156,Germaine Marquez
JP8042,Jillian Perry
QC6181,Quinlan Conrad
AM3005,Abdul Moses
HP6024,Hammett Page
KS9769,Karyn Schmidt
MP2820,Meredith Pickett
GC7268,Gloria Clemons
NC8947,Nell Chapman
AK9822,Audrey Koch
BC3864,Baxter Clemons
KV3399,Kamal Vega
KR9248,Keaton Rowland
AP6649,Amos Price
MS7400,Mason Serrano
MO2348,Mohammad Ochoa
SM5264,Shellie Moran
JH4474,Jelani Hunt
SG9137,Signe Gray
UQ9960,Uta Quinn
LS2768,Lance Small
MM2970,Maris Moon
GM2485,Garrison Melendez
IW9706,Iola Waller
AO4904,Amir Orr
CM5713,Carly Mitchell
GB1989,Gary Bonner
SR2809,Seth Roach
BC2651,Brynne Cabrera
TH7310,Tamekah Hall
KA7127,Kim Austin
MM3794,Montana Mays
BD3562,Brielle Drake
RH1149,Raphael Huff
KS9346,Karina Sheppard
ZD7264,Zahir Dennis
EB2780,Eliana Boyd
KH3291,Kiona Hartman
CD8757,Cain Dickerson
RB2654,Risa Blevins
BL5128,Bethany Lancaster
LV4940,Leo Vance
SC1521,Simon Cross
IL5906,Inga Logan
BD8344,Branden Doyle
AL3415,Armando Love
BS6149,Basil Sawyer
LW3803,Lacota Waters
MG6890,Maite Graves
QD8774,Quinn Davidson
NH1289,Nomlanga Hodges
LM7655,Lani Merritt
GS5919,Galvin Snyder
AH3263,Adria Holt
TF1271,Theodore Ferrell
RR4671,Rajah Rocha
EC1293,Elton Cortez
KC7839,Kylie Church
SC6972,Stewart Cortez
ES8012,Eric Sellers
LA6705,Lydia Avery
BG3665,Brielle Gonzales
EW1067,Edward Walton
LJ4006,Leroy Jenkins
SR2922,Stella Reeves
KH8537,Keane Holland
BD6368,Beatrice Dean
JB5159,Jamal Berg
OL8603,Otto Leach
AH1237,Avram Hobbs
FR6040,Fritz Rosario
JC5989,Jolene Combs
RB3856,Reese Boyle
CW4660,Clare Wynn
RM5186,Raymond Mckenzie
DT2994,Dolan Trujillo
RO2363,Risa Olson
ES1741,Elaine Shelton
GH5401,Galena Horn
IC7007,Indigo Cardenas
SH4530,Sharon Hines
EM9192,Elijah Molina
MK7345,Melanie Kirk
CM3684,Callum Mendez
WH8645,Willow Hendrix
KD9530,Kelly Dotson
MR8758,McKenzie Russo
GB4001,Genevieve Banks
JF4014,Jillian Francis
MD8838,Macy Duncan
PW3654,Priscilla Welch
UD7210,Ulysses Douglas
LH8482,Leah Haynes
SK7066,Silas Knapp
MF8170,Maggy Fischer
KN7745,Kennedy Nunez
RM4971,Raya Miles
DS4234,Darius Sears
TC6980,Todd Cannon
BT1257,Beatrice Travis
AC8556,Aaron Cooper
CH7795,Ciaran Hahn
OS5743,Orson Strickland
IC7490,Isaac Clark
MR6818,Mason Rodriquez
RF2787,Rashad Fuller
PR2136,Petra Rutledge
FW5678,Ferdinand Ware
LO7145,Lydia O'Neill
FL7371,Farrah Lowery
RP4438,Rylee Pate
WH3305,Wallace Hayden
ZC1441,Zeus Calhoun
AR6511,Armando Richards
IF7535,Isadora Fry
