ts_skillid,ts_theraid
9017,PS4370
0346,HP6024
9017,XW8779
2688,OL8603
2134,BP5493
1296,JL8162
0129,BM8246
3681,DO5771
2688,ES1741
5921,EV1301
0678,SG9137
2259,SS1156
1234,MK7345
3926,ZD7264
3265,TM8111
2573,EW9602
5239,IF7535
1348,MD8838
0193,SR5700
0582,DN3878
0678,DN3878
3265,AL3415
3681,EB2780
9483,JR1982
7295,JR1982
9017,AE1982
6543,KP6617
0714,RH1149
0582,MG6890
7684,AC8556
0129,ES8012
1391,FL7371
2259,EP7839
7684,EP7839
1234,MM2970
5016,KR9248
8126,RB2654
0346,LM8157
9017,JB3519
6014,JB3519
1523,GM2485
3038,VB3569
3416,MM3794
3498,CF5393
7138,NT5371
2259,KH3291
3498,PR2136
1391,OM2283
1742,OB6851
1979,CL5900
0237,CL5900
5921,CL5900
3926,CL5900
1234,GM2614
1296,RB7749
1234,RB7749
6543,BD6368
6014,NW6837
3389,GM2156
1348,EH8282
3498,BS6149
0129,JO6004
3012,MF4174
0678,CJ4229
3681,UD7210
1348,SC1521
0129,LS2768
7461,GC7268
6891,DW1235
0965,HK2146
0582,AM1235
0965,AM1235
1018,RO2363
3416,RG8200
1742,RG8200
3265,DB3807
8126,BC3864
1678,WS4875
3681,SL3321
0237,JC5989
7003,OS9076
3681,DT2994
5239,JM3731
3147,RM2049
5921,RM2049
0193,LG5674
0237,LH8482
3389,NW3096
1457,WH3305
9483,CR6766
1189,CR6766
0678,CR6766
5921,CR6766
6543,MW2959
0582,MW2959
3294,MW2959
6014,MW2959
0346,NC7648
1234,XR6573
1523,BD1670
1234,JF4014
5478,NM2799
9017,KC6889
5921,GN7411
3294,EH4531
5016,JE3117
7684,GH5401
5683,IC7490
2007,UQ9960
1296,IM2719
2259,IM2719
5921,MS7400
1189,AE3409
5683,NC8947
2259,EO8734
9483,KB4801
0714,DF5793
1348,MG7343
6543,AS9786
6014,KV3399
1296,SD8148
1234,OW8553
3416,CR3462
6014,RB3856
3038,YM1039
1865,GL8826
9017,KS7184
5016,MO1283
0582,MO1283
3265,CF3046
0582,MP7621
1742,KD9530
3294,KR1073
1087,KS9736
1296,EF6119
0678,SM8588
1189,SM8588
7920,KS9769
6891,SR2922
3389,XR6573
0678,XR6573
3926,XR6573
3147,XR6573
6279,GB1989
9483,IW9706
0451,SK7066
1979,CA1596
2688,NH1289
6543,RF2787
3265,TA9455
5239,EW2886
2496,EW2886
2259,KF1315
1348,WM4490
5016,IB7108
3416,CM5713
3389,SB4963
1087,OS5743
1296,YG4960
0965,TW4263
2007,MM8056
9483,MM8056
2573,SC7463
0714,KH8537
2007,SS6723
2259,AK9822
0237,KN7745
1189,AC4234
3294,MB1881
1018,DB8258
9017,EM9192
2688,EH4597
1348,HM9143
5239,LW3827
1189,SR2809
7684,CF3032
3574,LH7757
1087,LH7757
5921,HG3190
3294,MR8758
0965,CH7795
7461,MM3228
2688,SH4530
3681,MB6294
7295,TS5828
8126,YQ6532
3265,YQ6532
0678,BL5128
3416,SR8570
2573,SR8570
1189,SR8570
2007,SR8570
0582,OH8182
1523,MS4330
3498,CP5467
5478,CP5467
7003,TF1271
3681,CP5393
5016,KN5247
1189,WM5537
3389,LM7655
0129,SM5264
3926,RP4438
7295,NS5592
0237,NS5592
2688,LO7145
1457,MO2348
2688,HG7041
6543,KH2397
5016,LW3803
1348,IG1277
1678,BG3665
5016,KC7839
3012,AH1237
1742,CV5801
2134,CV5801
1865,CV5801
1348,CV5801
3389,SO9560
0678,SO9560
3574,MT7506
1523,MG7032
2496,NW1675
7003,NW1675
7295,KF3338
3926,AH3263
1189,PH1208
5239,OB6109
1348,OB6109
5478,BT1257
3179,OB5045
5478,HG4847
6543,HG4847
1523,HG4847
2688,HG4847
0237,MP2820
6543,KV3690
7920,BD3562
5683,NR5979
2573,MR6235
1125,DS4234
0678,AF4415
6279,GL6835
5016,GL6835
1018,LB8839
1234,LB8839
6279,RO5353
1742,AF3658
3926,MF8170
3926,DW4151
2688,PW3654
7138,GP9070
1523,EC1293
1296,CW9449
2134,TC6980
3147,MV5031
3012,MV5031
5016,RM4971
7461,AS1437
6279,MR6818
0714,IL5906
5016,FW5678
7003,JC8351
3265,RC4196
1296,KR2133
6891,IA9840
3389,WH8645
7684,CV8369
1042,JH4474
0965,CL9453
2007,CL9453
0346,JW4261
1189,FR6040
5921,SC6972
1742,HP3099
1234,SP7959
2259,GH8694
3574,CM3684
1523,LJ4006
3179,HK5669
7295,LV4940
0582,CE6643
2381,CW4660
3147,JB5159
3147,EW1067
7684,HC4024
1018,RS5677
1523,PH2420
5239,HB2036
3147,TH7310
5683,LM4330
6543,LM4330
2381,SS3421
8126,NC1870
0678,AR6511
2007,KL7809
0582,IC7007
5921,AE6293
0714,AE6293
0193,AE6293
3012,GM9562
7138,TG7968
0582,GB4001
1234,NW1675
3416,KS5093
1865,NW2569
7684,QC6181
1457,PH3775
1234,HG4847
1087,LA6705
3498,RG9479
3926,WC6769
7138,IB4031
7295,KS9346
0582,MM3746
1742,MM2698
0193,RH4074
1678,QD8774
1865,BC2651
2134,JP8042
0451,AC2239
7295,AM3005
0193,RM5186
3179,RR4671
1189,AV1038
7684,AP6649
0678,CD8757
1234,MW2959
9017,CW9415
1018,KA7127
6891,MM8436
0451,GM9623
5921,ZC1441
0714,GS5919
3265,BD8344
5016,AB8194
3265,AB8194
6543,RR8972
1678,RR8972
2259,AO4904
2573,DW7405
3926,AC8556
3038,AC8556
0346,AC8556
0965,AC8556
0714,AC8556
1523,AC8556
1296,AC8556
1087,AC8556
0193,AC8556
1742,AC8556
2007,AC8556
3574,AC8556
6543,AC8556
3926,ES8012
3038,ES8012
0346,ES8012
0965,ES8012
3926,FL7371
3038,EP7839
0346,EP7839
0965,EP7839
0714,EP7839
1523,EP7839
1296,EP7839
1087,EP7839
0193,EP7839
1742,EP7839
2007,EP7839
3574,EP7839
3926,PS4370
3038,PS4370
0346,PS4370
0965,PS4370
0714,PS4370
7684,PS4370
1523,PS4370
1296,PS4370
1087,PS4370
0193,PS4370
1742,PS4370
2007,PS4370
3574,PS4370
3926,HP6024
3038,HP6024
0965,HP6024
0714,HP6024
7684,HP6024
1523,HP6024
1296,HP6024
1087,HP6024
0193,HP6024
1742,HP6024
2007,HP6024
3574,HP6024
6543,HP6024
7003,HP6024
7461,HP6024
1678,HP6024
2381,HP6024
0582,HP6024
3294,HP6024
7920,HP6024
3498,HP6024
6014,HP6024
1979,HP6024
2134,HP6024
3926,OL8603
3038,OL8603
0346,OL8603
0965,OL8603
0714,OL8603
7684,OL8603
1296,OL8603
1087,OL8603
0193,OL8603
1742,OL8603
2007,OL8603
3574,OL8603
6543,OL8603
7003,OL8603
7461,OL8603
1678,OL8603
2381,OL8603
0582,OL8603
3294,OL8603
7920,OL8603
3498,OL8603
6014,OL8603
1979,OL8603
3926,XW8779
3038,XW8779
0965,XW8779
0714,XW8779
7684,XW8779
3926,BP5493
3038,BP5493
0346,BP5493
0965,BP5493
0714,BP5493
7684,BP5493
1523,BP5493
1296,BP5493
1087,BP5493
0193,BP5493
3926,JL8162
3038,JL8162
0346,JL8162
0965,JL8162
0714,JL8162
7684,JL8162
1523,JL8162
1087,JL8162
0193,JL8162
1742,JL8162
2007,JL8162
3574,JL8162
6543,JL8162
7003,JL8162
7461,JL8162
1678,JL8162
2381,JL8162
3294,JL8162
7920,JL8162
3926,BM8246
3038,BM8246
0346,BM8246
0965,BM8246
1234,CL5900
0714,BM8246
7684,BM8246
1523,BM8246
1296,BM8246
1087,BM8246
1742,BM8246
2007,BM8246
3574,BM8246
6543,BM8246
7003,BM8246
7461,BM8246
1234,SY2896
1678,BM8246
2381,BM8246
0582,BM8246
3294,BM8246
7920,BM8246
3498,BM8246
6014,BM8246
3926,DO5771
3038,DO5771
0346,DO5771
0965,DO5771
0714,DO5771
7684,DO5771
1523,DO5771
1296,DO5771
1087,DO5771
0193,DO5771
2007,DO5771
3574,DO5771
6543,DO5771
7003,DO5771
7461,DO5771
1678,DO5771
1234,CV5801
2381,DO5771
0582,DO5771
3294,DO5771
3926,ES1741
3038,ES1741
0346,ES1741
0965,ES1741
0714,ES1741
3926,EV1301
3038,EV1301
0346,EV1301
0965,EV1301
0714,EV1301
7684,EV1301
3926,SS1156
0965,SS1156
0714,SS1156
7684,SS1156
1523,SS1156
1296,SS1156
1087,SS1156
0193,SS1156
1742,SS1156
2007,SS1156
3574,SS1156
6543,SS1156
7003,SS1156
7461,SS1156
1678,SS1156
0582,SS1156
3294,SS1156
7920,SS1156
3498,SS1156
6014,SS1156
2134,SS1156
1234,SS1156
7138,SS1156
5239,SS1156
3926,SG9137
3038,SG9137
0346,SG9137
0965,SG9137
0714,SG9137
7684,SG9137
1523,SG9137
1296,SG9137
1087,SG9137
0193,SG9137
1742,SG9137
2007,SG9137
3574,SG9137
6543,SG9137
7003,SG9137
7461,SG9137
3038,ZD7264
0346,ZD7264
0965,ZD7264
3926,TM8111
3038,TM8111
0346,TM8111
0965,TM8111
0714,TM8111
7684,TM8111
1523,TM8111
1296,TM8111
1087,TM8111
0193,TM8111
1742,TM8111
3574,TM8111
6543,TM8111
7003,TM8111
7461,TM8111
3926,EW9602
3926,MD8838
3038,MD8838
0346,MD8838
0965,MD8838
0714,MD8838
7684,MD8838
1523,MD8838
1296,MD8838
1087,MD8838
0193,MD8838
1742,MD8838
2007,MD8838
3574,MD8838
6543,MD8838
7003,MD8838
7461,MD8838
1678,MD8838
2381,MD8838
0582,MD8838
3294,MD8838
7920,MD8838
3498,MD8838
3926,IF7535
3038,IF7535
0346,IF7535
0965,IF7535
0714,IF7535
7684,IF7535
1523,IF7535
1296,IF7535
1087,IF7535
0193,IF7535
1742,IF7535
2007,IF7535
3574,IF7535
6543,IF7535
7003,IF7535
7461,IF7535
1678,IF7535
1234,SR8570
2381,IF7535
3926,EW4694
3038,EW4694
0346,EW4694
0965,EW4694
3038,SR5700
0346,SR5700
0965,SR5700
0714,SR5700
7684,SR5700
1234,EW4694
1296,SR5700
1087,SR5700
1742,SR5700
2007,SR5700
3574,SR5700
6543,SR5700
6891,PS4370
0582,PS4370
1391,PS4370
8126,PS4370
3179,HP6024
2688,HP6024
1348,HP6024
3389,HP6024
5478,OL8603
1523,OL8603
7138,OL8603
1865,OL8603
1018,XW8779
1457,XW8779
0346,XW8779
1678,XW8779
3574,BP5493
2007,BP5493
1125,BP5493
1348,BP5493
7295,JL8162
0582,JL8162
3179,JL8162
6279,JL8162
3012,BM8246
5921,BM8246
0451,BM8246
0193,BM8246
1742,DO5771
5921,DO5771
1042,DO5771
1234,DO5771
2007,ES1741
1979,ES1741
3012,ES1741
3294,ES1741
0451,EV1301
1189,EV1301
6014,EV1301
1457,EV1301
2381,SS1156
1979,SS1156
3038,SS1156
0346,SS1156
1018,SG9137
2688,SG9137
5016,SG9137
0582,SG9137
1979,ZD7264
3179,ZD7264
1523,ZD7264
2573,ZD7264
2007,TM8111
7920,TM8111
0129,TM8111
3389,TM8111
1457,EW9602
2259,EW9602
0129,EW9602
7003,EW9602
5921,MD8838
5683,MD8838
3389,MD8838
1391,MD8838
1391,IF7535
3147,IF7535
1348,IF7535
0129,IF7535
1042,EW4694
0193,EW4694
1979,EW4694
2688,EW4694
3926,SR5700
7138,SR5700
1018,SR5700
1523,SR5700
6891,AL3415
6543,AL3415
2573,AL3415
8126,AL3415
1979,DN3878
1678,DN3878
1042,DN3878
1391,EB2780
9017,EB2780
7920,EB2780
7461,EB2780
7461,JR1982
3389,JR1982
3574,JR1982
6014,AE1982
0193,AE1982
3416,AE1982
5478,AE1982
9017,KP6617
3038,KP6617
0714,KP6617
1742,KP6617
1042,RH1149
3926,RH1149
1348,RH1149
2688,RH1149
7138,MG6890
2688,MG6890
1348,MG6890
3498,MG6890
9017,AC8556
7138,AC8556
2259,AC8556
3179,AC8556
2688,ES8012
0714,ES8012
0451,ES8012
9017,ES8012
2007,FL7371
1678,FL7371
0965,FL7371
2688,FL7371
3926,EP7839
3265,EP7839
6014,EP7839
7684,KR9248
1979,KR9248
1523,KR9248
1348,KR9248
7295,RB2654
0965,RB2654
1018,RB2654
1742,RB2654
3498,LM8157
1742,LM8157
3038,LM8157
9017,LM8157
7684,GM2485
0965,GM2485
3179,GM2485
7138,GM2485
0193,JB3519
0129,JB3519
1523,JB3519
3179,MM3794
1979,MM3794
2381,MM3794
9483,MM3794
9017,VB3569
1457,VB3569
3416,VB3569
1865,VB3569
7461,CF5393
3681,CF5393
1678,CF5393
0193,CF5393
0582,NT5371
0193,NT5371
1391,NT5371
3038,NT5371
7003,KH3291
3926,KH3291
0678,KH3291
3038,KH3291
0714,PR2136
6014,PR2136
7003,PR2136
3681,PR2136
3926,OM2283
3681,OM2283
7461,OM2283
1189,OM2283
2007,OB6851
6014,OB6851
3012,OB6851
3498,OB6851
1234,BD6368
2007,BD6368
3294,BD6368
9483,BD6368
5683,RB7749
1865,RB7749
0129,RB7749
7295,GM2614
3012,GM2614
7003,GM2614
1087,GM2614
1523,NW6837
0237,NW6837
1348,NW6837
3926,NW6837
1457,GM2156
1296,GM2156
2381,GM2156
5921,GM2156
5239,EH8282
7920,EH8282
2381,EH8282
2688,EH8282
7684,BS6149
0193,BS6149
3389,BS6149
5921,BS6149
0714,JO6004
0237,JO6004
6014,JO6004
0346,JO6004
0965,MF4174
0129,MF4174
5683,MF4174
1042,MF4174
6891,CJ4229
1125,CJ4229
2259,CJ4229
0582,CJ4229
3294,SC1521
1087,SC1521
0451,SC1521
7295,SC1521
1523,UD7210
3179,UD7210
3416,UD7210
2688,UD7210
7461,LS2768
0582,LS2768
1865,LS2768
8126,LS2768
0678,GC7268
2134,GC7268
7138,GC7268
1125,GC7268
3294,DW1235
1348,DW1235
9483,DW1235
1865,DW1235
2496,RO2363
1678,RO2363
6279,RO2363
1296,RO2363
3926,AM1235
1742,AM1235
0193,AM1235
7003,HK2146
9483,HK2146
2134,HK2146
1042,HK2146
3147,DB3807
3498,DB3807
1865,DB3807
2496,DB3807
7684,RG8200
7003,RG8200
0965,RG8200
0237,BC3864
7295,BC3864
7003,BC3864
1125,BC3864
7295,WS4875
0582,WS4875
1042,WS4875
6543,WS4875
0714,SL3321
0237,SL3321
1979,SL3321
1234,SL3321
1018,OS9076
2381,OS9076
8126,OS9076
1348,OS9076
1018,JC5989
0129,JC5989
3574,JC5989
1742,JC5989
7295,LG5674
5683,LG5674
5478,LG5674
0965,LG5674
2381,RM2049
2259,RM2049
6279,RM2049
0129,JM3731
0965,JM3731
3179,JM3731
3012,JM3731
1865,DT2994
5683,DT2994
6014,DT2994
3265,DT2994
1523,LH8482
1189,LH8482
3389,LH8482
6543,LH8482
0451,NW3096
1348,NW3096
3294,NW3096
3038,NW3096
6279,WH3305
2496,WH3305
1979,WH3305
8126,WH3305
3498,CR6766
1296,NC7648
1678,NC7648
2134,NC7648
0582,NC7648
2381,BD1670
0451,BD1670
0193,BD1670
1457,BD1670
7684,NM2799
3574,NM2799
0237,NM2799
3265,NM2799
1018,JF4014
2496,JF4014
3416,JF4014
0714,JF4014
0714,GN7411
5478,GN7411
7684,GN7411
3179,GN7411
3416,KC6889
2134,KC6889
0346,KC6889
0714,KC6889
3926,JE3117
6891,JE3117
2259,JE3117
5921,JE3117
0193,EH4531
7003,EH4531
3389,EH4531
6014,EH4531
5921,GH5401
3926,GH5401
3574,GH5401
1125,GH5401
1391,IC7490
3926,IC7490
1087,IC7490
1018,IC7490
1391,UQ9960
0714,UQ9960
1125,UQ9960
3179,UQ9960
2134,IM2719
1742,IM2719
2381,IM2719
1018,MS7400
7461,MS7400
0193,MS7400
3147,MS7400
1018,AE3409
2496,AE3409
1678,AE3409
2134,AE3409
1678,NC8947
3265,NC8947
2134,NC8947
3681,NC8947
3498,EO8734
0193,EO8734
1979,EO8734
1087,EO8734
2688,MG7343
0451,MG7343
0678,MG7343
3681,MG7343
9483,DF5793
2496,DF5793
1678,DF5793
1523,DF5793
1742,KB4801
3038,KB4801
3012,KB4801
0346,KB4801
0714,KV3399
0193,KV3399
7684,KV3399
0582,KV3399
7138,AS9786
1125,AS9786
3294,AS9786
5239,AS9786
0965,OW8553
0129,OW8553
1678,OW8553
3038,OW8553
1457,SD8148
3294,SD8148
3926,SD8148
1087,SD8148
0714,CR3462
2007,CR3462
1391,CR3462
1865,CR3462
3416,YM1039
5016,YM1039
9017,YM1039
3294,YM1039
1523,RB3856
5016,RB3856
5921,RB3856
1865,RB3856
2134,GL8826
5016,GL8826
5239,GL8826
6279,GL8826
0965,KS7184
1678,KS7184
0346,KS7184
3926,KS7184
1742,CF3046
3294,CF3046
0451,CF3046
1296,CF3046
1125,MO1283
3681,MO1283
3038,MO1283
1234,MP7621
3574,MP7621
2381,MP7621
1391,MP7621
6891,KD9530
1523,KD9530
0193,KD9530
1348,KD9530
3498,KR1073
1979,KR1073
1234,KR1073
7920,KR1073
5239,KS9736
5921,KS9736
3012,KS9736
7295,KS9736
7295,EF6119
3926,EF6119
3265,EF6119
6543,EF6119
6891,SM8588
6279,SM8588
3389,SM8588
1457,KS9769
1018,KS9769
1189,KS9769
1234,KS9769
3179,SR2922
8126,SR2922
1042,SR2922
7920,SR2922
0582,GB1989
0678,GB1989
3012,GB1989
7684,GB1989
0346,IW9706
0129,IW9706
3681,IW9706
1189,IW9706
1742,CA1596
3265,CA1596
1087,CA1596
2259,CA1596
3498,SK7066
1018,SK7066
7461,SK7066
7138,SK7066
1979,NH1289
8126,NH1289
3012,NH1289
1348,NH1289
5921,TA9455
8126,TA9455
1087,TA9455
2496,TA9455
6891,RF2787
5239,RF2787
2007,RF2787
1457,RF2787
7920,KF1315
3498,KF1315
8126,KF1315
3179,KF1315
3038,EW2886
3012,EW2886
0965,EW2886
3416,WM4490
1457,WM4490
2259,WM4490
1018,WM4490
1457,CM5713
1018,CM5713
9017,CM5713
3038,CM5713
3265,IB7108
3498,IB7108
1042,IB7108
7684,IB7108
0346,OS5743
2381,OS5743
1125,OS5743
5683,OS5743
9017,SB4963
0237,SB4963
1348,SB4963
2134,SB4963
2688,YG4960
3147,YG4960
5478,YG4960
5016,YG4960
2496,TW4263
1189,TW4263
7920,TW4263
1087,TW4263
1457,MM8056
3926,MM8056
2688,MM8056
1391,KH8537
8126,KH8537
3179,KH8537
1979,KH8537
3038,SC7463
0965,SC7463
3147,SC7463
1018,SC7463
0193,AK9822
7684,AK9822
3574,AK9822
6543,AK9822
1523,SS6723
3681,SS6723
1296,SS6723
1125,SS6723
2007,KN7745
3147,KN7745
1979,KN7745
3389,KN7745
1979,AC4234
5921,AC4234
7295,AC4234
5478,AC4234
1457,MB1881
0714,MB1881
7295,MB1881
1348,MB1881
9017,DB8258
3681,DB8258
3012,DB8258
1391,DB8258
3681,MK7345
2381,MK7345
8126,MK7345
1296,MK7345
3012,EM9192
7920,EM9192
5683,EM9192
3294,EM9192
7138,EH4597
6279,EH4597
1018,EH4597
3389,EH4597
3681,SR2809
6014,SR2809
7461,SR2809
3574,SR2809
7461,LW3827
8126,LW3827
0965,LW3827
1678,LW3827
1457,HM9143
0193,HM9143
3389,HM9143
7684,HM9143
3574,CF3032
6891,CF3032
5683,CF3032
1018,CF3032
1234,LH7757
1348,LH7757
1042,LH7757
5683,HG3190
2259,HG3190
3265,HG3190
2007,HG3190
1296,MR8758
1523,MR8758
1678,MR8758
1018,MR8758
1125,CH7795
5478,CH7795
3147,CH7795
1296,CH7795
1348,MM3228
0237,MM3228
0346,MM3228
3574,MM3228
5478,SH4530
2496,SH4530
3681,SH4530
0346,SH4530
7461,MB6294
2007,MB6294
0346,MB6294
7003,MB6294
3179,TS5828
1865,TS5828
3265,TS5828
1678,TS5828
7003,YQ6532
1742,YQ6532
3681,YQ6532
1189,BL5128
1742,BL5128
5683,BL5128
6891,BL5128
5239,OH8182
6543,OH8182
1865,OH8182
0965,OH8182
9483,MS4330
0451,MS4330
1125,MS4330
0678,MS4330
0582,CP5467
1042,CP5467
2259,CP5467
1087,TF1271
3416,TF1271
5478,TF1271
5921,TF1271
3265,KN5247
1457,KN5247
0193,KN5247
0714,KN5247
1042,CP5393
1189,CP5393
1125,CP5393
1296,CP5393
6891,WM5537
7684,WM5537
7295,WM5537
0714,WM5537
2259,SM5264
0237,SM5264
3179,SM5264
8126,SM5264
5239,LM7655
0582,LM7655
0129,LM7655
5478,LM7655
0714,RP4438
6543,RP4438
2007,RP4438
5016,RP4438
2007,NS5592
5921,NS5592
2381,NS5592
1678,KH2397
2134,KH2397
1087,KH2397
1865,KH2397
9017,HG7041
8126,HG7041
6279,HG7041
2573,HG7041
1234,MO2348
2496,MO2348
3574,MO2348
1042,MO2348
0965,LO7145
3926,LO7145
3416,LO7145
3389,LO7145
0237,BG3665
7684,BG3665
1979,BG3665
1523,BG3665
7003,IG1277
3294,IG1277
1018,IG1277
2688,IG1277
3294,LW3803
1457,LW3803
6891,LW3803
2007,LW3803
1189,AH1237
6279,AH1237
7295,AH1237
7461,AH1237
1189,KC7839
6014,KC7839
5478,KC7839
1348,KC7839
6891,MT7506
1042,MT7506
9017,MT7506
1189,MT7506
1979,SO9560
2259,SO9560
5239,SO9560
2381,NW1675
0129,NW1675
3147,MG7032
2007,MG7032
0678,MG7032
1234,MG7032
0193,KF3338
1087,KF3338
8126,KF3338
5016,KF3338
3574,PH1208
0451,PH1208
1234,PH1208
0582,PH1208
0346,AH3263
7684,AH3263
6891,AH3263
7003,AH3263
3294,OB5045
0965,OB5045
3574,OB5045
9483,OB5045
8126,BT1257
6891,BT1257
0129,BT1257
5683,BT1257
8126,OB6109
1296,OB6109
2381,OB6109
0678,MP2820
2496,MP2820
0346,MP2820
1457,MP2820
3294,BD3562
3012,BD3562
3926,BD3562
0582,BD3562
1979,KV3690
3179,KV3690
1391,KV3690
0714,KV3690
3498,NR5979
5016,NR5979
5478,NR5979
2688,NR5979
2259,MR6235
0582,MR6235
1348,MR6235
7920,MR6235
3681,AF4415
2134,AF4415
3265,AF4415
3574,AF4415
1234,DS4234
1296,DS4234
3265,DS4234
0346,DS4234
1087,LB8839
0582,LB8839
1678,LB8839
5239,GL6835
1189,GL6835
1391,GL6835
1523,RO5353
6014,RO5353
8126,RO5353
0346,RO5353
1391,MF8170
1457,MF8170
3294,MF8170
7461,MF8170
1087,AF3658
2134,AF3658
7684,AF3658
5921,AF3658
7461,DW4151
0714,DW4151
3012,DW4151
1042,DW4151
1348,PW3654
3574,PW3654
7295,PW3654
3012,PW3654
6891,GP9070
1523,GP9070
9483,GP9070
3038,GP9070
1865,EC1293
3294,EC1293
2573,EC1293
1042,EC1293
2688,CW9449
5478,CW9449
3147,CW9449
1678,CW9449
7461,TC6980
1348,TC6980
7138,TC6980
6543,TC6980
7138,MV5031
1523,MV5031
3265,MV5031
2381,RM4971
3179,RM4971
0237,RM4971
6014,RM4971
0451,AS1437
2381,AS1437
2259,AS1437
7138,AS1437
0582,MR6818
3038,MR6818
6891,MR6818
0237,MR6818
0678,IL5906
3147,IL5906
3012,IL5906
7138,IL5906
3498,JC8351
2259,JC8351
7684,JC8351
1678,JC8351
9017,FW5678
0237,FW5678
0582,FW5678
7684,FW5678
1018,RC4196
7003,RC4196
0678,RC4196
0451,RC4196
3179,KR2133
0582,KR2133
1391,KR2133
1742,KR2133
3147,IA9840
1234,IA9840
1865,IA9840
3179,IA9840
1865,CV8369
7295,CV8369
1457,CV8369
3012,CV8369
1234,WH8645
3498,WH8645
0714,WH8645
6543,WH8645
5239,JH4474
0346,JH4474
5921,JH4474
6543,JH4474
1391,JW4261
1296,JW4261
2134,JW4261
0714,JW4261
5921,CL9453
6543,CL9453
2134,CL9453
9483,FR6040
7920,FR6040
7295,FR6040
2688,FR6040
0193,SY2896
2381,SY2896
0678,SY2896
3012,SY2896
0965,SC6972
0129,SC6972
2259,SC6972
5478,SC6972
1234,HP3099
1042,HP3099
6891,HP3099
6543,HP3099
6014,GH8694
0451,GH8694
0346,GH8694
5478,GH8694
3498,SP7959
6279,SP7959
0714,SP7959
0582,SP7959
2259,CM3684
9483,CM3684
7295,CM3684
3179,CM3684
1348,HK5669
6014,HK5669
1018,HK5669
1125,HK5669
3416,LJ4006
1125,LJ4006
7003,LJ4006
7138,LJ4006
3926,CE6643
1742,CE6643
2134,CE6643
0346,CE6643
0582,LV4940
9017,LV4940
5239,LV4940
3294,LV4940
7461,CW4660
2688,CW4660
1189,CW4660
1457,CW4660
3498,JB5159
1457,JB5159
0193,JB5159
3294,JB5159
1296,EW1067
3012,EW1067
5478,EW1067
2573,EW1067
2496,PH2420
3681,PH2420
3038,PH2420
1391,PH2420
1457,RS5677
9017,RS5677
5478,RS5677
7684,RS5677
3926,HC4024
0714,HC4024
7138,HC4024
3012,HC4024
1457,HB2036
1391,HB2036
7920,HB2036
7003,HB2036
1523,TH7310
3038,TH7310
2007,TH7310
0678,TH7310
9017,LM4330
1125,LM4330
2007,LM4330
1865,SS3421
1457,SS3421
5478,SS3421
1125,SS3421
3926,NC1870
6891,NC1870
3147,NC1870
2007,NC1870
1742,AR6511
5921,AR6511
2381,AR6511
7138,AR6511
5016,KL7809
2496,KL7809
1296,KL7809
0582,KL7809
0451,IC7007
1125,IC7007
2007,IC7007
3294,IC7007
3294,AE6293
1296,AE6293
5921,GM9562
1742,GM9562
5683,GM9562
1457,GM9562
7920,TG7968
5478,TG7968
6014,TG7968
2496,TG7968
3265,MM2970
1391,MM2970
2496,MM2970
3038,MM2970
1296,KS5093
3147,KS5093
2259,KS5093
2573,KS5093
9483,GB4001
1296,GB4001
2134,GB4001
3681,GB4001
5239,NW2569
0582,NW2569
3416,NW2569
7920,NW2569
5683,QC6181
3038,QC6181
2496,QC6181
3681,QC6181
1189,LA6705
0451,LA6705
1678,LA6705
0129,LA6705
1125,PH3775
2496,PH3775
5683,PH3775
9483,PH3775
0129,RG9479
9483,RG9479
7138,RG9479
3147,RG9479
1391,WC6769
2134,WC6769
0237,WC6769
9483,WC6769
1742,IB4031
3147,IB4031
1678,IB4031
2688,IB4031
1296,KS9346
0346,KS9346
2007,KS9346
1042,KS9346
1678,MM3746
1125,MM3746
6279,MM3746
3147,MM3746
1391,MM2698
7461,MM2698
2381,MM2698
1087,MM2698
1457,RH4074
3389,RH4074
2134,RH4074
8126,RH4074
1742,QD8774
1523,QD8774
0193,QD8774
5016,QD8774
1348,BC2651
1018,BC2651
0965,BC2651
6543,BC2651
1296,JP8042
2381,JP8042
7684,JP8042
7138,JP8042
0237,AC2239
9483,AC2239
1087,AC2239
6279,AC2239
1391,RR4671
3294,RR4671
7684,RR4671
5921,RR4671
1391,RM5186
1979,RM5186
3179,RM5186
7295,RM5186
0714,AM3005
6279,AM3005
3926,AM3005
1742,AM3005
2381,AP6649
1865,AP6649
2134,AP6649
1979,AP6649
5683,AV1038
7684,AV1038
5921,AV1038
3012,AV1038
6279,CD8757
2007,CD8757
6543,CD8757
0129,CD8757
3147,KA7127
1865,KA7127
8126,KA7127
9017,KA7127
3265,CW9415
5478,CW9415
5239,CW9415
2259,CW9415
3012,MM8436
9483,MM8436
0193,MM8436
1865,MM8436
3389,ZC1441
1018,ZC1441
3179,ZC1441
0714,ZC1441
3389,GM9623
1391,GM9623
7138,GM9623
2259,GM9623
6543,GS5919
3179,GS5919
2573,GS5919
2007,GS5919
0346,BD8344
5683,BD8344
1678,BD8344
3012,BD8344
8126,AB8194
1189,AB8194
2134,AB8194
9017,RR8972
1979,RR8972
1391,RR8972
1742,AO4904
1348,AO4904
7461,AO4904
6279,AO4904
0678,DW7405
0965,DW7405
3926,DW7405
3574,DW7405
7003,SR5700
7461,SR5700
3926,AL3415
3038,AL3415
0346,AL3415
0965,AL3415
0714,AL3415
7684,AL3415
1523,AL3415
1296,AL3415
1087,AL3415
0193,AL3415
3926,DN3878
3038,DN3878
0346,DN3878
0965,DN3878
0714,DN3878
7684,DN3878
1523,DN3878
1296,DN3878
1087,DN3878
0193,DN3878
1742,DN3878
2007,DN3878
3574,DN3878
6543,DN3878
7003,DN3878
3926,EB2780
3038,EB2780
0346,EB2780
0965,EB2780
0714,EB2780
7684,EB2780
1523,EB2780
1296,EB2780
1087,EB2780
0193,EB2780
1742,EB2780
2007,EB2780
3574,EB2780
6543,EB2780
7003,EB2780
1678,EB2780
2381,EB2780
3926,JR1982
3038,JR1982
0346,JR1982
0965,JR1982
0714,JR1982
7684,JR1982
1523,JR1982
1296,JR1982
1087,JR1982
0193,JR1982
1742,JR1982
2007,JR1982
6543,JR1982
7003,JR1982
1678,JR1982
2381,JR1982
3926,AE1982
3038,AE1982
0346,AE1982
0965,AE1982
3926,KP6617
0346,KP6617
0965,KP6617
7684,KP6617
1523,KP6617
1296,KP6617
1087,KP6617
0193,KP6617
2007,KP6617
3574,KP6617
7003,KP6617
7461,KP6617
1678,KP6617
2381,KP6617
0582,KP6617
3294,KP6617
7920,KP6617
3498,KP6617
6014,KP6617
1979,KP6617
2134,KP6617
1234,KP6617
7138,KP6617
5239,KP6617
3038,RH1149
0346,RH1149
0965,RH1149
7684,RH1149
1523,RH1149
1296,RH1149
1087,RH1149
0193,RH1149
1742,RH1149
2007,RH1149
3574,RH1149
6543,RH1149
7003,RH1149
7461,RH1149
1678,RH1149
3926,MG6890
3038,MG6890
0346,MG6890
0965,MG6890
0714,MG6890
7684,MG6890
1523,MG6890
1296,MG6890
1087,MG6890
0193,MG6890
1742,MG6890
2007,MG6890
3574,MG6890
6543,EP7839
7003,EP7839
7461,EP7839
1678,EP7839
2381,EP7839
0582,EP7839
3294,EP7839
7920,EP7839
3498,EP7839
1979,EP7839
2134,EP7839
1234,EP7839
3926,KR9248
3038,KR9248
0346,KR9248
0965,KR9248
0714,KR9248
1296,KR9248
1087,KR9248
0193,KR9248
1742,KR9248
2007,KR9248
3574,KR9248
6543,KR9248
7003,KR9248
7461,KR9248
1678,KR9248
2381,KR9248
0582,KR9248
3294,KR9248
7920,KR9248
3498,KR9248
6014,KR9248
2134,KR9248
1234,KR9248
7138,KR9248
3926,RB2654
3038,RB2654
0346,RB2654
0714,RB2654
7684,RB2654
1523,RB2654
1296,RB2654
1087,RB2654
0193,RB2654
2007,RB2654
3574,RB2654
6543,RB2654
7003,RB2654
7461,RB2654
1678,RB2654
2381,RB2654
0582,RB2654
3294,RB2654
7920,RB2654
3498,RB2654
6014,RB2654
1979,RB2654
2134,RB2654
3926,LM8157
0965,LM8157
0714,LM8157
7684,LM8157
1523,LM8157
1296,LM8157
1087,LM8157
0193,LM8157
2007,LM8157
3926,GM2485
3038,GM2485
0346,GM2485
0714,GM2485
1296,GM2485
1087,GM2485
0193,GM2485
1742,GM2485
2007,GM2485
3574,GM2485
3926,JB3519
3038,JB3519
0346,JB3519
0965,JB3519
0714,JB3519
7684,JB3519
1296,JB3519
1087,JB3519
1742,JB3519
2007,JB3519
3574,JB3519
6543,JB3519
7003,JB3519
7461,JB3519
1678,JB3519
3926,MM3794
3038,MM3794
0346,MM3794
0965,MM3794
0714,MM3794
7684,MM3794
1523,MM3794
1296,MM3794
1087,MM3794
0193,MM3794
1742,MM3794
2007,MM3794
3574,MM3794
6543,MM3794
7003,MM3794
7461,MM3794
1678,MM3794
0582,MM3794
3294,MM3794
7920,MM3794
3498,MM3794
6014,MM3794
3926,VB3569
0346,VB3569
0965,VB3569
0714,VB3569
7684,VB3569
1523,VB3569
1296,VB3569
1087,VB3569
0193,VB3569
1742,VB3569
3926,CF5393
3038,CF5393
0346,CF5393
0965,CF5393
0714,CF5393
7684,CF5393
1523,CF5393
1296,CF5393
1087,CF5393
1742,CF5393
2007,CF5393
3574,CF5393
6543,CF5393
7003,CF5393
2381,CF5393
0582,CF5393
3294,CF5393
3926,NT5371
0346,NT5371
0965,NT5371
0714,NT5371
7684,NT5371
1523,NT5371
1296,NT5371
1087,NT5371
1742,NT5371
2007,NT5371
3574,NT5371
6543,NT5371
7003,NT5371
0346,KH3291
0965,KH3291
0714,KH3291
7684,KH3291
1523,KH3291
3926,PR2136
3038,PR2136
3038,OM2283
0346,OM2283
0965,OM2283
0714,OM2283
3038,CL5900
0346,CL5900
0965,CL5900
0714,CL5900
7684,CL5900
1523,CL5900
1296,CL5900
1087,CL5900
0193,CL5900
1742,CL5900
2007,CL5900
3574,CL5900
6543,CL5900
7003,CL5900
7461,CL5900
1678,CL5900
2381,CL5900
0582,CL5900
3294,CL5900
7920,CL5900
3498,CL5900
6014,CL5900
2134,CL5900
3926,OB6851
3038,OB6851
0346,OB6851
0965,OB6851
0714,OB6851
7684,OB6851
1523,OB6851
1296,OB6851
1087,OB6851
0193,OB6851
3574,OB6851
6543,OB6851
7003,OB6851
7461,OB6851
1678,OB6851
2381,OB6851
0582,OB6851
3294,OB6851
7920,OB6851
1979,OB6851
3926,BD6368
3038,BD6368
0346,BD6368
0965,BD6368
0714,BD6368
7684,BD6368
1523,BD6368
1296,BD6368
1087,BD6368
0193,BD6368
1742,BD6368
3574,BD6368
7003,BD6368
7461,BD6368
3926,RB7749
3038,RB7749
0346,RB7749
0965,RB7749
0714,RB7749
7684,RB7749
1523,RB7749
1087,RB7749
0193,RB7749
1742,RB7749
2007,RB7749
3574,RB7749
6543,RB7749
3926,GM2614
3038,GM2614
0346,GM2614
0965,GM2614
3038,NW6837
0346,NW6837
0965,NW6837
0714,NW6837
7684,NW6837
1296,NW6837
1087,NW6837
0193,NW6837
1742,NW6837
2007,NW6837
3926,GM2156
3038,GM2156
0346,GM2156
0965,GM2156
0714,GM2156
7684,GM2156
1523,GM2156
1087,GM2156
0193,GM2156
1742,GM2156
2007,GM2156
3574,GM2156
6543,GM2156
7003,GM2156
7461,GM2156
1678,GM2156
0582,GM2156
3294,GM2156
7920,GM2156
3498,GM2156
6014,GM2156
1979,GM2156
2134,GM2156
3926,EH8282
3038,EH8282
3926,BS6149
3038,BS6149
0346,BS6149
0965,BS6149
3926,JO6004
3038,JO6004
0965,JO6004
7684,JO6004
1523,JO6004
1296,JO6004
1087,JO6004
0193,JO6004
1742,JO6004
3926,MF4174
3038,MF4174
0346,MF4174
0714,MF4174
7684,MF4174
1523,MF4174
1296,MF4174
1087,MF4174
0193,MF4174
1742,MF4174
2007,MF4174
3574,MF4174
6543,MF4174
7003,MF4174
7461,MF4174
1678,MF4174
2381,MF4174
3926,CJ4229
3038,CJ4229
0346,CJ4229
0965,CJ4229
0714,CJ4229
7684,CJ4229
3926,SC1521
3038,SC1521
3926,UD7210
3038,UD7210
0346,UD7210
0965,UD7210
0714,UD7210
7684,UD7210
1296,UD7210
1087,UD7210
0193,UD7210
1742,UD7210
2007,UD7210
3574,UD7210
6543,UD7210
7003,UD7210
7461,UD7210
1678,UD7210
2381,UD7210
0582,UD7210
3294,UD7210
7920,UD7210
3926,LS2768
3038,LS2768
0346,LS2768
0965,LS2768
0714,LS2768
7684,LS2768
1523,LS2768
1296,LS2768
1087,LS2768
0193,LS2768
1742,LS2768
2007,LS2768
3574,LS2768
6543,LS2768
7003,LS2768
3926,GC7268
3038,GC7268
0346,GC7268
0965,GC7268
0714,GC7268
7684,GC7268
1523,GC7268
1296,GC7268
1087,GC7268
0193,GC7268
1742,GC7268
2007,GC7268
3574,GC7268
6543,GC7268
7003,GC7268
1678,GC7268
2381,GC7268
0582,GC7268
3294,GC7268
7920,GC7268
3498,GC7268
3926,DW1235
3926,RO2363
3038,RO2363
0346,RO2363
0965,RO2363
0714,RO2363
7684,RO2363
1523,RO2363
1087,RO2363
0193,RO2363
1742,RO2363
3038,AM1235
0346,AM1235
0714,AM1235
7684,AM1235
1523,AM1235
1296,AM1235
1087,AM1235
2007,AM1235
3574,AM1235
6543,AM1235
7003,AM1235
7461,AM1235
1678,AM1235
2381,AM1235
3294,AM1235
7920,AM1235
3498,AM1235
6014,AM1235
1979,AM1235
3926,HK2146
3038,HK2146
0346,HK2146
0714,HK2146
7684,HK2146
1523,HK2146
1296,HK2146
1087,HK2146
0193,HK2146
1742,HK2146
2007,HK2146
3574,HK2146
3926,DB3807
3038,DB3807
0346,DB3807
0965,DB3807
0714,DB3807
7684,DB3807
1523,DB3807
1296,DB3807
1087,DB3807
0193,DB3807
1742,DB3807
2007,DB3807
3574,DB3807
6543,DB3807
7003,DB3807
7461,DB3807
1678,DB3807
2381,DB3807
0582,DB3807
3294,DB3807
7920,DB3807
3926,RG8200
3038,RG8200
0346,RG8200
0714,RG8200
1523,RG8200
1296,RG8200
1087,RG8200
0193,RG8200
2007,RG8200
3574,RG8200
6543,RG8200
7461,RG8200
1678,RG8200
2381,RG8200
0582,RG8200
3294,RG8200
7920,RG8200
3926,BC3864
3038,BC3864
0346,BC3864
0965,BC3864
0714,BC3864
7684,BC3864
1523,BC3864
1296,BC3864
1087,BC3864
0193,BC3864
1742,BC3864
2007,BC3864
3574,BC3864
6543,BC3864
7461,BC3864
1678,BC3864
2381,BC3864
0582,BC3864
3294,BC3864
7920,BC3864
3498,BC3864
6014,BC3864
1979,BC3864
2134,BC3864
3926,WS4875
3038,WS4875
0346,WS4875
0965,WS4875
3926,SL3321
3038,SL3321
0346,SL3321
0965,SL3321
7684,SL3321
1523,SL3321
1296,SL3321
1087,SL3321
0193,SL3321
1742,SL3321
2007,SL3321
3574,SL3321
6543,SL3321
3926,OS9076
3038,OS9076
0346,OS9076
0965,OS9076
0714,OS9076
7684,OS9076
1523,OS9076
1296,OS9076
1087,OS9076
0193,OS9076
1742,OS9076
2007,OS9076
3574,OS9076
6543,OS9076
7461,OS9076
3926,JC5989
3038,JC5989
0346,JC5989
0965,JC5989
0714,JC5989
7684,JC5989
1523,JC5989
1296,JC5989
1087,JC5989
0193,JC5989
2007,JC5989
6543,JC5989
7003,JC5989
3926,LG5674
3038,LG5674
0346,LG5674
0714,LG5674
7684,LG5674
1523,LG5674
1296,LG5674
1087,LG5674
1742,LG5674
3926,RM2049
3038,RM2049
0346,RM2049
0965,RM2049
0714,RM2049
7684,RM2049
1523,RM2049
1296,RM2049
1087,RM2049
0193,RM2049
1742,RM2049
2007,RM2049
3926,JM3731
3038,JM3731
0346,JM3731
0714,JM3731
7684,JM3731
1523,JM3731
1296,JM3731
1087,JM3731
0193,JM3731
3926,DT2994
3038,DT2994
0346,DT2994
0965,DT2994
0714,DT2994
7684,DT2994
1523,DT2994
3926,LH8482
3038,LH8482
0346,LH8482
0965,LH8482
0714,LH8482
7684,LH8482
1296,LH8482
1087,LH8482
0193,LH8482
1742,LH8482
2007,LH8482
3574,LH8482
7003,LH8482
7461,LH8482
1678,LH8482
2381,LH8482
0582,LH8482
3926,NW3096
0346,NW3096
0965,NW3096
0714,NW3096
3926,WH3305
3038,WH3305
0346,WH3305
0965,WH3305
0714,WH3305
7684,WH3305
1523,WH3305
1296,WH3305
1087,WH3305
0193,WH3305
1742,WH3305
2007,WH3305
3574,WH3305
3926,CR6766
3038,CR6766
0346,CR6766
0965,CR6766
3926,MW2959
3038,MW2959
0346,MW2959
0965,MW2959
0714,MW2959
7684,MW2959
1523,MW2959
1296,MW2959
1087,MW2959
0193,MW2959
1742,MW2959
2007,MW2959
3574,MW2959
7003,MW2959
3926,NC7648
3038,NC7648
0965,NC7648
0714,NC7648
7684,NC7648
1523,NC7648
1087,NC7648
0193,NC7648
1742,NC7648
2007,NC7648
3574,NC7648
6543,NC7648
7003,NC7648
7461,NC7648
2381,NC7648
3294,NC7648
7920,NC7648
3498,NC7648
6014,NC7648
1979,NC7648
1234,NC7648
3926,BD1670
3926,NM2799
3038,NM2799
0346,NM2799
0965,NM2799
0714,NM2799
1523,NM2799
1296,NM2799
1087,NM2799
0193,NM2799
1742,NM2799
2007,NM2799
6543,NM2799
7003,NM2799
7461,NM2799
1678,NM2799
2381,NM2799
0582,NM2799
3294,NM2799
7920,NM2799
3926,JF4014
3038,JF4014
0346,JF4014
0965,JF4014
7684,JF4014
1523,JF4014
1296,JF4014
1087,JF4014
0193,JF4014
1742,JF4014
2007,JF4014
3574,JF4014
6543,JF4014
7003,JF4014
7461,JF4014
1678,JF4014
2381,JF4014
0582,JF4014
3294,JF4014
7920,JF4014
3926,GN7411
3038,GN7411
0346,GN7411
0965,GN7411
1523,GN7411
1296,GN7411
1087,GN7411
0193,GN7411
1742,GN7411
2007,GN7411
3574,GN7411
6543,GN7411
7003,GN7411
7461,GN7411
1678,GN7411
2381,GN7411
0582,GN7411
3294,GN7411
7920,GN7411
3926,KC6889
3038,KC6889
0965,KC6889
7684,KC6889
1523,KC6889
1296,KC6889
1087,KC6889
0193,KC6889
1742,KC6889
2007,KC6889
3574,KC6889
6543,KC6889
7003,KC6889
7461,KC6889
1678,KC6889
2381,KC6889
0582,KC6889
3294,KC6889
7920,KC6889
3498,KC6889
6014,KC6889
3038,JE3117
0346,JE3117
0965,JE3117
0714,JE3117
7684,JE3117
1523,JE3117
1296,JE3117
1087,JE3117
0193,JE3117
1742,JE3117
2007,JE3117
3926,EH4531
3038,EH4531
0346,EH4531
0965,EH4531
0714,EH4531
7684,EH4531
1523,EH4531
1296,EH4531
1087,EH4531
1742,EH4531
2007,EH4531
3574,EH4531
6543,EH4531
7461,EH4531
1678,EH4531
2381,EH4531
0582,EH4531
7920,EH4531
3498,EH4531
3038,GH5401
0346,GH5401
0965,GH5401
3038,IC7490
0346,IC7490
0965,IC7490
0714,IC7490
7684,IC7490
1523,IC7490
1296,IC7490
0193,IC7490
1742,IC7490
2007,IC7490
3574,IC7490
6543,IC7490
7003,IC7490
7461,IC7490
1678,IC7490
3926,UQ9960
3038,UQ9960
0346,UQ9960
0965,UQ9960
7684,UQ9960
1523,UQ9960
1296,UQ9960
1087,UQ9960
0193,UQ9960
1742,UQ9960
3574,UQ9960
6543,UQ9960
7003,UQ9960
7461,UQ9960
1678,UQ9960
2381,UQ9960
3926,IM2719
3038,IM2719
0346,IM2719
0965,IM2719
0714,IM2719
7684,IM2719
1523,IM2719
1087,IM2719
0193,IM2719
2007,IM2719
3574,IM2719
6543,IM2719
7003,IM2719
7461,IM2719
1678,IM2719
0582,IM2719
3294,IM2719
7920,IM2719
3498,IM2719
6014,IM2719
1979,IM2719
1234,IM2719
7138,IM2719
5239,IM2719
3926,MS7400
3038,MS7400
0346,MS7400
0965,MS7400
0714,MS7400
7684,MS7400
1523,MS7400
1296,MS7400
1087,MS7400
1742,MS7400
2007,MS7400
3574,MS7400
6543,MS7400
7003,MS7400
1678,MS7400
2381,MS7400
0582,MS7400
3926,AE3409
3038,AE3409
0346,AE3409
0965,AE3409
0714,AE3409
7684,AE3409
1523,AE3409
1296,AE3409
1087,AE3409
0193,AE3409
1742,AE3409
2007,AE3409
3574,AE3409
6543,AE3409
3926,NC8947
3038,NC8947
0346,NC8947
0965,NC8947
0714,NC8947
7684,NC8947
1523,NC8947
1296,NC8947
1087,NC8947
0193,NC8947
1742,NC8947
2007,NC8947
3574,NC8947
6543,NC8947
3926,EO8734
3038,EO8734
0346,EO8734
0965,EO8734
0714,EO8734
7684,EO8734
1523,EO8734
1296,EO8734
1742,EO8734
2007,EO8734
3574,EO8734
6543,EO8734
7003,EO8734
3926,MG7343
3038,MG7343
3926,DF5793
3038,DF5793
0346,DF5793
0965,DF5793
7684,DF5793
1296,DF5793
1087,DF5793
0193,DF5793
1742,DF5793
2007,DF5793
3574,DF5793
6543,DF5793
7003,DF5793
7461,DF5793
2381,DF5793
0582,DF5793
3294,DF5793
3926,KB4801
0965,KB4801
0714,KB4801
3926,KV3399
3038,KV3399
0346,KV3399
0965,KV3399
1523,KV3399
1296,KV3399
1087,KV3399
1742,KV3399
2007,KV3399
3574,KV3399
6543,KV3399
7003,KV3399
7461,KV3399
1678,KV3399
3926,AS9786
3038,AS9786
0346,AS9786
0965,AS9786
0714,AS9786
7684,AS9786
1523,AS9786
1296,AS9786
1087,AS9786
0193,AS9786
1742,AS9786
2007,AS9786
3574,AS9786
7003,AS9786
3926,OW8553
0346,OW8553
0714,OW8553
7684,OW8553
1523,OW8553
1296,OW8553
1087,OW8553
0193,OW8553
1742,OW8553
2007,OW8553
3574,OW8553
6543,OW8553
7003,OW8553
7461,OW8553
2381,OW8553
0582,OW8553
3294,OW8553
7920,OW8553
3498,OW8553
6014,OW8553
3038,SD8148
0346,SD8148
0965,SD8148
0714,SD8148
7684,SD8148
1523,SD8148
0193,SD8148
1742,SD8148
2007,SD8148
3574,SD8148
6543,SD8148
7003,SD8148
3926,CR3462
3038,CR3462
0346,CR3462
0965,CR3462
7684,CR3462
3926,YM1039
0346,YM1039
0965,YM1039
0714,YM1039
7684,YM1039
1523,YM1039
1296,YM1039
1087,YM1039
3926,RB3856
3038,RB3856
0346,RB3856
0965,RB3856
0714,RB3856
7684,RB3856
1296,RB3856
3926,GL8826
3038,KS7184
0714,KS7184
7684,KS7184
1523,KS7184
1296,KS7184
1087,KS7184
0193,KS7184
1742,KS7184
2007,KS7184
3574,KS7184
6543,KS7184
7003,KS7184
7461,KS7184
2381,KS7184
0582,KS7184
3294,KS7184
7920,KS7184
3498,KS7184
6014,KS7184
1979,KS7184
3926,CF3046
3038,CF3046
0346,CF3046
0965,CF3046
0714,CF3046
7684,CF3046
1523,CF3046
1087,CF3046
0193,CF3046
2007,CF3046
3574,CF3046
6543,CF3046
7003,CF3046
7461,CF3046
1678,CF3046
2381,CF3046
0582,CF3046
7920,CF3046
3498,CF3046
6014,CF3046
1979,CF3046
2134,CF3046
1234,CF3046
7138,CF3046
3926,MO1283
0346,MO1283
0965,MO1283
0714,MO1283
7684,MO1283
1523,MO1283
1296,MO1283
1087,MO1283
0193,MO1283
1742,MO1283
2007,MO1283
3574,MO1283
6543,MO1283
7003,MO1283
7461,MO1283
3926,MP7621
3038,MP7621
0346,MP7621
0965,MP7621
0714,MP7621
7684,MP7621
1523,MP7621
3926,KD9530
3038,KD9530
0346,KD9530
0965,KD9530
0714,KD9530
7684,KD9530
1296,KD9530
1087,KD9530
2007,KD9530
3574,KD9530
6543,KD9530
7003,KD9530
7461,KD9530
1678,KD9530
2381,KD9530
0582,KD9530
3294,KD9530
7920,KD9530
3498,KD9530
6014,KD9530
1979,KD9530
2134,KD9530
3926,KR1073
3038,KR1073
0346,KR1073
0965,KR1073
3926,KS9736
3038,KS9736
3038,EF6119
0346,EF6119
0965,EF6119
0714,EF6119
7684,EF6119
1523,EF6119
1087,EF6119
0193,EF6119
1742,EF6119
2007,EF6119
3574,EF6119
7003,EF6119
7461,EF6119
1678,EF6119
3926,SM8588
3038,SM8588
0346,SM8588
0965,SM8588
0714,SM8588
7684,SM8588
3926,KS9769
3038,KS9769
0346,KS9769
0965,KS9769
0714,KS9769
7684,KS9769
1523,KS9769
1296,KS9769
1087,KS9769
0193,KS9769
1742,KS9769
2007,KS9769
3574,KS9769
6543,KS9769
7003,KS9769
7461,KS9769
1678,KS9769
2381,KS9769
3926,SR2922
3038,SR2922
0346,SR2922
0965,SR2922
0714,SR2922
7684,SR2922
3038,XR6573
0346,XR6573
0965,XR6573
0714,XR6573
7684,XR6573
1523,XR6573
1296,XR6573
1087,XR6573
0193,XR6573
1742,XR6573
2007,XR6573
3574,XR6573
6543,XR6573
7003,XR6573
7461,XR6573
1678,XR6573
2381,XR6573
0582,XR6573
3926,GB1989
3038,GB1989
0346,GB1989
0965,GB1989
0714,GB1989
1523,GB1989
1296,GB1989
1087,GB1989
0193,GB1989
1742,GB1989
2007,GB1989
3926,IW9706
3926,CA1596
3038,CA1596
0346,CA1596
0965,CA1596
0714,CA1596
7684,CA1596
1523,CA1596
1296,CA1596
0193,CA1596
2007,CA1596
3574,CA1596
6543,CA1596
7003,CA1596
7461,CA1596
1678,CA1596
3926,SK7066
3038,SK7066
0346,SK7066
0965,SK7066
0714,SK7066
7684,SK7066
1523,SK7066
1296,SK7066
1087,SK7066
0193,SK7066
1742,SK7066
2007,SK7066
3574,SK7066
6543,SK7066
7003,SK7066
1678,SK7066
2381,SK7066
3926,NH1289
3038,NH1289
0346,NH1289
0965,NH1289
0714,NH1289
7684,NH1289
1523,NH1289
1296,NH1289
3926,TA9455
3038,TA9455
0346,TA9455
0965,TA9455
0714,TA9455
7684,TA9455
3926,RF2787
3038,RF2787
0346,RF2787
0965,RF2787
0714,RF2787
7684,RF2787
1523,RF2787
1296,RF2787
1087,RF2787
0193,RF2787
1742,RF2787
3574,RF2787
7003,RF2787
3926,KF1315
3038,KF1315
0346,KF1315
0965,KF1315
0714,KF1315
7684,KF1315
3926,EW2886
0346,EW2886
0714,EW2886
7684,EW2886
1523,EW2886
1296,EW2886
1087,EW2886
0193,EW2886
1742,EW2886
2007,EW2886
3574,EW2886
6543,EW2886
7003,EW2886
7461,EW2886
3926,WM4490
3038,WM4490
0346,WM4490
0965,WM4490
0714,WM4490
7684,WM4490
1523,WM4490
1296,WM4490
1087,WM4490
0193,WM4490
1742,WM4490
2007,WM4490
3574,WM4490
6543,WM4490
7003,WM4490
7461,WM4490
1678,WM4490
2381,WM4490
0582,WM4490
3294,WM4490
7920,WM4490
3498,WM4490
6014,WM4490
1979,WM4490
3926,CM5713
0346,CM5713
0965,CM5713
0714,CM5713
7684,CM5713
1523,CM5713
1296,CM5713
1087,CM5713
0193,CM5713
1742,CM5713
2007,CM5713
3574,CM5713
6543,CM5713
3926,IB7108
3038,IB7108
0346,IB7108
0965,IB7108
0714,IB7108
1523,IB7108
1296,IB7108
3926,OS5743
3038,OS5743
0965,OS5743
0714,OS5743
7684,OS5743
1523,OS5743
1296,OS5743
0193,OS5743
1742,OS5743
2007,OS5743
3574,OS5743
6543,OS5743
7003,OS5743
7461,OS5743
1678,OS5743
0582,OS5743
3294,OS5743
7920,OS5743
3498,OS5743
6014,OS5743
1979,OS5743
2134,OS5743
3926,SB4963
3038,SB4963
0346,SB4963
0965,SB4963
0714,SB4963
7684,SB4963
1523,SB4963
1296,SB4963
1087,SB4963
0193,SB4963
1742,SB4963
2007,SB4963
3574,SB4963
6543,SB4963
7003,SB4963
7461,SB4963
1678,SB4963
2381,SB4963
0582,SB4963
3926,YG4960
3038,YG4960
0346,YG4960
0965,YG4960
0714,YG4960
7684,YG4960
1523,YG4960
1087,YG4960
0193,YG4960
1742,YG4960
2007,YG4960
3574,YG4960
6543,YG4960
7003,YG4960
7461,YG4960
1678,YG4960
2381,YG4960
0582,YG4960
3294,YG4960
7920,YG4960
3498,YG4960
3926,TW4263
3038,TW4263
0346,TW4263
0714,TW4263
7684,TW4263
1523,TW4263
1296,TW4263
3038,MM8056
0346,MM8056
0965,MM8056
0714,MM8056
7684,MM8056
1523,MM8056
1296,MM8056
3926,KH8537
3038,KH8537
0346,KH8537
0965,KH8537
7684,KH8537
3926,SC7463
0346,SC7463
0714,SC7463
7684,SC7463
1523,SC7463
1296,SC7463
1087,SC7463
3926,AK9822
3038,AK9822
0346,AK9822
0965,AK9822
0714,AK9822
1523,AK9822
1296,AK9822
1087,AK9822
1742,AK9822
2007,AK9822
7003,AK9822
7461,AK9822
1678,AK9822
2381,AK9822
0582,AK9822
3294,AK9822
7920,AK9822
3498,AK9822
6014,AK9822
1979,AK9822
2134,AK9822
1234,AK9822
3926,SS6723
3038,SS6723
0346,SS6723
0965,SS6723
0714,SS6723
7684,SS6723
1087,SS6723
0193,SS6723
1742,SS6723
3574,SS6723
6543,SS6723
7003,SS6723
7461,SS6723
1678,SS6723
2381,SS6723
0582,SS6723
3294,SS6723
3926,KN7745
3926,AC4234
3038,AC4234
0346,AC4234
0965,AC4234
0714,AC4234
7684,AC4234
1523,AC4234
1296,AC4234
1087,AC4234
0193,AC4234
1742,AC4234
2007,AC4234
3574,AC4234
6543,AC4234
7003,AC4234
7461,AC4234
3926,MB1881
3038,MB1881
0346,MB1881
3926,DB8258
3038,DB8258
0346,DB8258
0965,DB8258
0714,DB8258
7684,DB8258
1523,DB8258
1296,DB8258
1087,DB8258
0193,DB8258
1742,DB8258
2007,DB8258
3574,DB8258
6543,DB8258
7003,DB8258
7461,DB8258
1678,DB8258
2381,DB8258
0582,DB8258
3294,DB8258
7920,DB8258
3498,DB8258
6014,DB8258
3926,MK7345
3038,MK7345
0346,MK7345
0965,MK7345
0714,MK7345
7684,MK7345
1523,MK7345
1087,MK7345
0193,MK7345
1742,MK7345
3926,EM9192
3038,EM9192
0346,EM9192
0965,EM9192
0714,EM9192
7684,EM9192
1523,EM9192
1296,EM9192
1087,EM9192
0193,EM9192
1742,EM9192
2007,EM9192
3574,EM9192
6543,EM9192
3926,EH4597
3038,EH4597
0346,EH4597
0965,EH4597
0714,EH4597
7684,EH4597
3926,SR2809
3038,SR2809
0346,SR2809
0965,SR2809
0714,SR2809
7684,SR2809
1523,SR2809
3926,LW3827
3038,LW3827
0346,LW3827
0714,LW3827
7684,LW3827
3926,HM9143
3038,HM9143
0346,HM9143
0965,HM9143
0714,HM9143
1523,HM9143
1296,HM9143
1087,HM9143
1742,HM9143
2007,HM9143
3574,HM9143
6543,HM9143
7003,HM9143
7461,HM9143
3926,CF3032
3038,CF3032
0346,CF3032
0965,CF3032
0714,CF3032
1523,CF3032
1296,CF3032
1087,CF3032
0193,CF3032
1742,CF3032
2007,CF3032
6543,CF3032
7003,CF3032
7461,CF3032
1678,CF3032
2381,CF3032
0582,CF3032
3294,CF3032
7920,CF3032
3498,CF3032
3926,LH7757
3926,HG3190
3038,HG3190
0346,HG3190
0965,HG3190
0714,HG3190
7684,HG3190
1523,HG3190
1296,HG3190
1087,HG3190
0193,HG3190
1742,HG3190
3926,MR8758
3038,MR8758
0346,MR8758
0965,MR8758
0714,MR8758
7684,MR8758
1087,MR8758
0193,MR8758
1742,MR8758
2007,MR8758
3574,MR8758
6543,MR8758
3926,CH7795
3926,MM3228
3038,MM3228
0965,MM3228
0714,MM3228
7684,MM3228
1523,MM3228
1296,MM3228
1087,MM3228
0193,MM3228
3926,SH4530
3038,SH4530
0965,SH4530
0714,SH4530
7684,SH4530
1523,SH4530
1296,SH4530
1087,SH4530
0193,SH4530
1742,SH4530
3926,MB6294
3038,MB6294
0965,MB6294
0714,MB6294
7684,MB6294
1523,MB6294
1296,MB6294
1087,MB6294
0193,MB6294
1742,MB6294
3574,MB6294
3926,TS5828
3038,TS5828
0346,TS5828
0965,TS5828
0714,TS5828
7684,TS5828
1523,TS5828
1296,TS5828
1087,TS5828
0193,TS5828
1742,TS5828
2007,TS5828
3574,TS5828
6543,TS5828
7003,TS5828
7461,TS5828
2381,TS5828
0582,TS5828
3294,TS5828
7920,TS5828
3498,TS5828
6014,TS5828
3926,YQ6532
3926,BL5128
3038,BL5128
0346,BL5128
0965,BL5128
0714,BL5128
7684,BL5128
1523,BL5128
1296,BL5128
1087,BL5128
0193,BL5128
2007,BL5128
3574,BL5128
3926,SR8570
3038,SR8570
0346,SR8570
0965,SR8570
0714,SR8570
7684,SR8570
1523,SR8570
1296,SR8570
1087,SR8570
0193,SR8570
1742,SR8570
3574,SR8570
6543,SR8570
7003,SR8570
7461,SR8570
3926,OH8182
3038,OH8182
0346,OH8182
0714,OH8182
7684,OH8182
3926,MS4330
3038,MS4330
0346,MS4330
0965,MS4330
0714,MS4330
7684,MS4330
1296,MS4330
1087,MS4330
0193,MS4330
1742,MS4330
2007,MS4330
3574,MS4330
6543,MS4330
7003,MS4330
7461,MS4330
3926,CP5467
3038,CP5467
0346,CP5467
0965,CP5467
0714,CP5467
7684,CP5467
3926,TF1271
3038,TF1271
0346,TF1271
0965,TF1271
0714,TF1271
7684,TF1271
1523,TF1271
1296,TF1271
0193,TF1271
1742,TF1271
2007,TF1271
3574,TF1271
6543,TF1271
7461,TF1271
1678,TF1271
2381,TF1271
0582,TF1271
3294,TF1271
7920,TF1271
3498,TF1271
6014,TF1271
1979,TF1271
3926,KN5247
3038,KN5247
0346,KN5247
0965,KN5247
7684,KN5247
1523,KN5247
1296,KN5247
1087,KN5247
1742,KN5247
2007,KN5247
3574,KN5247
6543,KN5247
7003,KN5247
7461,KN5247
1678,KN5247
2381,KN5247
0582,KN5247
3926,CP5393
3038,CP5393
0346,CP5393
0965,CP5393
0714,CP5393
7684,CP5393
1523,CP5393
1087,CP5393
0193,CP5393
1742,CP5393
2007,CP5393
3574,CP5393
6543,CP5393
3926,WM5537
3038,WM5537
0346,WM5537
3926,SM5264
3038,SM5264
0346,SM5264
0965,SM5264
0714,SM5264
7684,SM5264
1523,SM5264
1296,SM5264
1087,SM5264
0193,SM5264
1742,SM5264
2007,SM5264
3574,SM5264
6543,SM5264
7003,SM5264
7461,SM5264
1678,SM5264
2381,SM5264
0582,SM5264
3294,SM5264
7920,SM5264
3926,LM7655
3038,LM7655
0346,LM7655
0965,LM7655
0714,LM7655
7684,LM7655
1523,LM7655
1296,LM7655
1087,LM7655
0193,LM7655
1742,LM7655
2007,LM7655
3574,LM7655
6543,LM7655
7003,LM7655
7461,LM7655
1678,LM7655
2381,LM7655
3294,LM7655
7920,LM7655
3038,RP4438
0346,RP4438
0965,RP4438
7684,RP4438
1523,RP4438
1296,RP4438
1087,RP4438
0193,RP4438
1742,RP4438
3574,RP4438
7003,RP4438
7461,RP4438
1678,RP4438
2381,RP4438
0582,RP4438
3294,RP4438
7920,RP4438
3498,RP4438
3926,NS5592
3038,NS5592
0346,NS5592
0965,NS5592
0714,NS5592
7684,NS5592
1523,NS5592
1296,NS5592
1087,NS5592
0193,NS5592
1742,NS5592
3574,NS5592
6543,NS5592
7003,NS5592
7461,NS5592
1678,NS5592
0582,NS5592
3926,KH2397
3038,KH2397
0346,KH2397
0965,KH2397
0714,KH2397
7684,KH2397
1523,KH2397
1296,KH2397
0193,KH2397
1742,KH2397
2007,KH2397
3574,KH2397
7003,KH2397
7461,KH2397
3926,HG7041
3038,HG7041
0346,HG7041
0965,HG7041
3926,MO2348
3038,MO2348
0346,MO2348
0965,MO2348
0714,MO2348
7684,MO2348
1523,MO2348
1296,MO2348
1087,MO2348
0193,MO2348
1742,MO2348
2007,MO2348
6543,MO2348
7003,MO2348
3038,LO7145
0346,LO7145
0714,LO7145
7684,LO7145
1523,LO7145
1296,LO7145
1087,LO7145
0193,LO7145
1742,LO7145
2007,LO7145
3574,LO7145
6543,LO7145
3926,BG3665
3038,BG3665
0346,BG3665
0965,BG3665
0714,BG3665
1296,BG3665
1087,BG3665
0193,BG3665
1742,BG3665
2007,BG3665
3574,BG3665
6543,BG3665
7003,BG3665
7461,BG3665
2381,BG3665
0582,BG3665
3294,BG3665
7920,BG3665
3926,IG1277
3038,IG1277
0346,IG1277
0965,IG1277
0714,IG1277
7684,IG1277
1523,IG1277
1296,IG1277
1087,IG1277
0193,IG1277
1742,IG1277
2007,IG1277
3574,IG1277
6543,IG1277
7461,IG1277
1678,IG1277
2381,IG1277
0582,IG1277
7920,IG1277
3498,IG1277
6014,IG1277
3926,LW3803
3038,LW3803
0346,LW3803
0965,LW3803
0714,LW3803
7684,LW3803
1523,LW3803
1296,LW3803
1087,LW3803
0193,LW3803
1742,LW3803
3574,LW3803
6543,LW3803
7003,LW3803
7461,LW3803
1678,LW3803
2381,LW3803
0582,LW3803
7920,LW3803
3498,LW3803
6014,LW3803
1979,LW3803
2134,LW3803
3926,CV5801
3038,CV5801
0346,CV5801
0965,CV5801
0714,CV5801
7684,CV5801
1523,CV5801
1296,CV5801
1087,CV5801
0193,CV5801
2007,CV5801
3574,CV5801
6543,CV5801
3926,AH1237
3038,AH1237
0346,AH1237
0965,AH1237
0714,AH1237
7684,AH1237
1523,AH1237
1296,AH1237
1087,AH1237
0193,AH1237
1742,AH1237
2007,AH1237
3574,AH1237
6543,AH1237
7003,AH1237
1678,AH1237
2381,AH1237
0582,AH1237
3294,AH1237
7920,AH1237
3498,AH1237
6014,AH1237
3926,KC7839
3038,KC7839
0346,KC7839
0965,KC7839
0714,KC7839
7684,KC7839
3926,MT7506
3038,MT7506
0346,MT7506
0965,MT7506
0714,MT7506
7684,MT7506
1523,MT7506
1296,MT7506
1087,MT7506
0193,MT7506
1742,MT7506
2007,MT7506
6543,MT7506
7003,MT7506
7461,MT7506
1678,MT7506
2381,MT7506
0582,MT7506
3294,MT7506
7920,MT7506
3498,MT7506
6014,MT7506
1979,MT7506
2134,MT7506
3926,SO9560
3038,SO9560
0346,SO9560
0965,SO9560
0714,SO9560
7684,SO9560
1523,SO9560
1296,SO9560
1087,SO9560
0193,SO9560
1742,SO9560
2007,SO9560
3574,SO9560
6543,SO9560
7003,SO9560
7461,SO9560
1678,SO9560
2381,SO9560
0582,SO9560
3294,SO9560
7920,SO9560
3498,SO9560
6014,SO9560
3926,NW1675
3038,NW1675
0346,NW1675
0965,NW1675
0714,NW1675
7684,NW1675
1523,NW1675
3926,MG7032
3038,MG7032
0346,MG7032
0965,MG7032
0714,MG7032
7684,MG7032
1296,MG7032
1087,MG7032
0193,MG7032
3926,KF3338
3038,KF3338
0346,KF3338
0965,KF3338
0714,KF3338
7684,KF3338
1523,KF3338
1296,KF3338
3926,PH1208
3038,PH1208
0346,PH1208
0965,PH1208
0714,PH1208
7684,PH1208
1523,PH1208
1296,PH1208
1087,PH1208
0193,PH1208
1742,PH1208
2007,PH1208
6543,PH1208
3038,AH3263
0965,AH3263
0714,AH3263
1523,AH3263
1296,AH3263
1087,AH3263
0193,AH3263
1742,AH3263
2007,AH3263
3574,AH3263
6543,AH3263
7461,AH3263
1678,AH3263
2381,AH3263
0582,AH3263
3294,AH3263
7920,AH3263
3498,AH3263
6014,AH3263
1979,AH3263
2134,AH3263
1234,AH3263
7138,AH3263
3926,OB5045
3038,OB5045
0346,OB5045
0714,OB5045
7684,OB5045
1523,OB5045
3926,BT1257
3038,BT1257
0346,BT1257
0965,BT1257
0714,BT1257
7684,BT1257
1523,BT1257
1296,BT1257
1087,BT1257
0193,BT1257
1742,BT1257
2007,BT1257
3574,BT1257
6543,BT1257
7003,BT1257
3926,OB6109
3038,OB6109
0346,OB6109
0965,OB6109
0714,OB6109
7684,OB6109
1523,OB6109
1087,OB6109
0193,OB6109
1742,OB6109
2007,OB6109
3574,OB6109
6543,OB6109
3926,HG4847
3038,HG4847
0346,HG4847
0965,HG4847
0714,HG4847
7684,HG4847
1296,HG4847
1087,HG4847
3926,MP2820
3038,MP2820
0965,MP2820
0714,MP2820
7684,MP2820
1523,MP2820
1296,MP2820
1087,MP2820
0193,MP2820
1742,MP2820
2007,MP2820
3574,MP2820
6543,MP2820
7003,MP2820
7461,MP2820
1678,MP2820
2381,MP2820
0582,MP2820
3294,MP2820
7920,MP2820
3498,MP2820
6014,MP2820
1979,MP2820
2134,MP2820
3038,BD3562
0346,BD3562
0965,BD3562
0714,BD3562
7684,BD3562
1523,BD3562
1296,BD3562
1087,BD3562
0193,BD3562
1742,BD3562
2007,BD3562
3574,BD3562
6543,BD3562
7003,BD3562
7461,BD3562
1678,BD3562
2381,BD3562
3498,BD3562
6014,BD3562
1979,BD3562
2134,BD3562
1234,BD3562
7138,BD3562
3926,KV3690
3926,NR5979
3038,NR5979
0346,NR5979
0965,NR5979
0714,NR5979
7684,NR5979
1523,NR5979
1296,NR5979
1087,NR5979
0193,NR5979
1742,NR5979
2007,NR5979
3574,NR5979
6543,NR5979
7003,NR5979
3926,MR6235
3038,MR6235
0346,MR6235
0965,MR6235
0714,MR6235
7684,MR6235
1523,MR6235
1296,MR6235
1087,MR6235
0193,MR6235
1742,MR6235
2007,MR6235
3574,MR6235
6543,MR6235
7003,MR6235
7461,MR6235
1678,MR6235
2381,MR6235
3294,MR6235
3926,AF4415
3038,AF4415
3926,DS4234
3038,DS4234
0965,DS4234
0714,DS4234
3926,LB8839
3038,LB8839
0346,LB8839
0965,LB8839
0714,LB8839
7684,LB8839
1523,LB8839
1296,LB8839
3926,GL6835
3038,GL6835
0346,GL6835
0965,GL6835
0714,GL6835
7684,GL6835
1523,GL6835
1296,GL6835
1087,GL6835
0193,GL6835
1742,GL6835
2007,GL6835
3574,GL6835
6543,GL6835
7003,GL6835
7461,GL6835
1678,GL6835
2381,GL6835
3926,RO5353
3038,RO5353
0965,RO5353
0714,RO5353
7684,RO5353
1296,RO5353
1087,RO5353
0193,RO5353
1742,RO5353
2007,RO5353
3038,MF8170
0346,MF8170
0965,MF8170
0714,MF8170
7684,MF8170
1523,MF8170
1296,MF8170
1087,MF8170
0193,MF8170
1742,MF8170
2007,MF8170
3574,MF8170
6543,MF8170
7003,MF8170
1678,MF8170
2381,MF8170
0582,MF8170
7920,MF8170
3498,MF8170
6014,MF8170
1979,MF8170
3926,AF3658
3038,AF3658
0346,AF3658
0965,AF3658
0714,AF3658
1523,AF3658
1296,AF3658
0193,AF3658
2007,AF3658
3574,AF3658
6543,AF3658
7003,AF3658
7461,AF3658
1678,AF3658
3038,DW4151
0346,DW4151
0965,DW4151
7684,DW4151
1523,DW4151
1296,DW4151
1087,DW4151
0193,DW4151
1742,DW4151
2007,DW4151
3574,DW4151
6543,DW4151
7003,DW4151
1678,DW4151
2381,DW4151
3926,PW3654
3038,PW3654
0346,PW3654
0965,PW3654
0714,PW3654
7684,PW3654
1523,PW3654
1296,PW3654
1087,PW3654
0193,PW3654
1742,PW3654
2007,PW3654
6543,PW3654
7003,PW3654
7461,PW3654
1678,PW3654
2381,PW3654
0582,PW3654
3294,PW3654
7920,PW3654
3498,PW3654
6014,PW3654
3926,GP9070
0346,GP9070
0965,GP9070
0714,GP9070
7684,GP9070
1296,GP9070
1087,GP9070
0193,GP9070
1742,GP9070
2007,GP9070
3926,EC1293
3038,EC1293
0346,EC1293
0965,EC1293
0714,EC1293
7684,EC1293
1296,EC1293
1087,EC1293
0193,EC1293
1742,EC1293
2007,EC1293
3574,EC1293
6543,EC1293
7003,EC1293
7461,EC1293
3926,CW9449
3038,CW9449
0346,CW9449
0965,CW9449
0714,CW9449
7684,CW9449
1523,CW9449
1087,CW9449
0193,CW9449
1742,CW9449
2007,CW9449
3574,CW9449
6543,CW9449
7003,CW9449
7461,CW9449
2381,CW9449
0582,CW9449
3294,CW9449
7920,CW9449
3498,CW9449
6014,CW9449
1979,CW9449
2134,CW9449
1234,CW9449
3926,TC6980
3038,TC6980
0346,TC6980
0965,TC6980
0714,TC6980
7684,TC6980
1523,TC6980
1296,TC6980
1087,TC6980
0193,TC6980
1742,TC6980
3926,MV5031
3038,MV5031
0346,MV5031
0965,MV5031
0714,MV5031
7684,MV5031
3926,RM4971
3038,RM4971
0346,RM4971
0965,RM4971
0714,RM4971
7684,RM4971
1523,RM4971
1296,RM4971
1087,RM4971
0193,RM4971
1742,RM4971
2007,RM4971
3574,RM4971
6543,RM4971
7003,RM4971
7461,RM4971
3926,AS1437
3038,AS1437
0346,AS1437
0965,AS1437
0714,AS1437
7684,AS1437
1523,AS1437
1296,AS1437
1087,AS1437
0193,AS1437
1742,AS1437
2007,AS1437
3574,AS1437
6543,AS1437
3926,MR6818
0346,MR6818
0965,MR6818
3926,IL5906
3038,IL5906
0346,IL5906
0965,IL5906
7684,IL5906
1523,IL5906
1296,IL5906
1087,IL5906
0193,IL5906
1742,IL5906
2007,IL5906
3574,IL5906
6543,IL5906
7003,IL5906
3926,JC8351
3038,JC8351
0346,JC8351
0965,JC8351
0714,JC8351
1523,JC8351
1296,JC8351
1087,JC8351
0193,JC8351
1742,JC8351
2007,JC8351
3574,JC8351
6543,JC8351
7461,JC8351
2381,JC8351
0582,JC8351
3926,FW5678
3038,FW5678
0346,FW5678
0965,FW5678
0714,FW5678
1523,FW5678
1296,FW5678
1087,FW5678
0193,FW5678
1742,FW5678
2007,FW5678
3926,RC4196
3038,RC4196
0346,RC4196
0965,RC4196
0714,RC4196
7684,RC4196
1523,RC4196
1296,RC4196
1087,RC4196
0193,RC4196
1742,RC4196
2007,RC4196
3574,RC4196
6543,RC4196
7461,RC4196
1678,RC4196
2381,RC4196
0582,RC4196
3294,RC4196
7920,RC4196
3926,KR2133
3038,KR2133
0346,KR2133
0965,KR2133
0714,KR2133
7684,KR2133
1523,KR2133
1087,KR2133
0193,KR2133
2007,KR2133
3574,KR2133
6543,KR2133
7003,KR2133
7461,KR2133
1678,KR2133
2381,KR2133
3294,KR2133
7920,KR2133
3498,KR2133
3926,IA9840
3038,IA9840
0346,IA9840
0965,IA9840
0714,IA9840
7684,IA9840
1523,IA9840
1296,IA9840
1087,IA9840
0193,IA9840
1742,IA9840
2007,IA9840
3574,IA9840
6543,IA9840
7003,IA9840
3926,CV8369
3038,CV8369
0346,CV8369
0965,CV8369
0714,CV8369
1523,CV8369
1296,CV8369
1087,CV8369
3926,WH8645
3038,WH8645
0346,WH8645
0965,WH8645
7684,WH8645
1523,WH8645
1296,WH8645
1087,WH8645
0193,WH8645
1742,WH8645
2007,WH8645
3574,WH8645
7003,WH8645
7461,WH8645
1678,WH8645
2381,WH8645
3926,JH4474
3038,JH4474
0965,JH4474
0714,JH4474
7684,JH4474
1523,JH4474
1296,JH4474
1087,JH4474
3926,JW4261
3038,JW4261
0965,JW4261
7684,JW4261
1523,JW4261
1087,JW4261
0193,JW4261
1742,JW4261
2007,JW4261
3574,JW4261
6543,JW4261
3926,CL9453
3038,CL9453
0346,CL9453
0714,CL9453
7684,CL9453
1523,CL9453
1296,CL9453
1087,CL9453
0193,CL9453
1742,CL9453
3574,CL9453
7003,CL9453
3926,FR6040
3926,SY2896
3038,SY2896
0346,SY2896
0965,SY2896
0714,SY2896
3926,SC6972
3038,SC6972
0346,SC6972
0714,SC6972
7684,SC6972
1523,SC6972
1296,SC6972
1087,SC6972
0193,SC6972
1742,SC6972
2007,SC6972
3926,HP3099
3038,HP3099
0346,HP3099
0965,HP3099
0714,HP3099
7684,HP3099
1523,HP3099
1296,HP3099
1087,HP3099
0193,HP3099
2007,HP3099
3574,HP3099
7003,HP3099
7461,HP3099
1678,HP3099
3926,GH8694
3038,GH8694
0965,GH8694
0714,GH8694
7684,GH8694
1523,GH8694
1296,GH8694
1087,GH8694
0193,GH8694
1742,GH8694
2007,GH8694
3574,GH8694
6543,GH8694
7003,GH8694
3926,SP7959
3038,SP7959
0346,SP7959
0965,SP7959
7684,SP7959
3926,CM3684
3038,CM3684
0346,CM3684
0965,CM3684
0714,CM3684
7684,CM3684
1523,CM3684
1296,CM3684
1087,CM3684
0193,CM3684
1742,CM3684
2007,CM3684
6543,CM3684
7003,CM3684
7461,CM3684
1678,CM3684
2381,CM3684
0582,CM3684
3926,HK5669
3038,HK5669
0346,HK5669
3926,LJ4006
3038,LJ4006
0346,LJ4006
0965,LJ4006
0714,LJ4006
7684,LJ4006
1296,LJ4006
1087,LJ4006
0193,LJ4006
1742,LJ4006
2007,LJ4006
3574,LJ4006
6543,LJ4006
7461,LJ4006
1678,LJ4006
2381,LJ4006
3038,CE6643
0965,CE6643
0714,CE6643
7684,CE6643
1523,CE6643
1296,CE6643
1087,CE6643
0193,CE6643
2007,CE6643
3574,CE6643
6543,CE6643
7003,CE6643
7461,CE6643
1678,CE6643
2381,CE6643
3294,CE6643
7920,CE6643
3498,CE6643
6014,CE6643
1979,CE6643
1234,CE6643
7138,CE6643
5239,CE6643
6279,CE6643
3926,LV4940
3926,CW4660
3038,CW4660
3926,JB5159
3038,JB5159
0346,JB5159
0965,JB5159
0714,JB5159
7684,JB5159
1523,JB5159
1296,JB5159
1087,JB5159
1742,JB5159
2007,JB5159
3574,JB5159
6543,JB5159
7003,JB5159
7461,JB5159
1678,JB5159
2381,JB5159
0582,JB5159
7920,JB5159
6014,JB5159
1979,JB5159
3926,EW1067
3038,EW1067
3926,PH2420
0346,PH2420
0965,PH2420
0714,PH2420
7684,PH2420
1296,PH2420
1087,PH2420
0193,PH2420
1742,PH2420
2007,PH2420
3574,PH2420
6543,PH2420
7003,PH2420
3926,RS5677
3038,RS5677
0346,RS5677
0965,RS5677
0714,RS5677
1523,RS5677
1296,RS5677
1087,RS5677
0193,RS5677
1742,RS5677
2007,RS5677
3574,RS5677
6543,RS5677
7003,RS5677
7461,RS5677
1678,RS5677
2381,RS5677
0582,RS5677
3294,RS5677
7920,RS5677
3038,HC4024
0346,HC4024
0965,HC4024
1523,HC4024
1296,HC4024
1087,HC4024
0193,HC4024
1742,HC4024
3926,HB2036
3038,HB2036
0346,HB2036
0965,HB2036
0714,HB2036
7684,HB2036
1523,HB2036
1296,HB2036
1087,HB2036
0193,HB2036
1742,HB2036
2007,HB2036
3574,HB2036
6543,HB2036
7461,HB2036
1678,HB2036
2381,HB2036
0582,HB2036
3294,HB2036
3498,HB2036
6014,HB2036
1979,HB2036
2134,HB2036
3926,TH7310
0346,TH7310
0965,TH7310
0714,TH7310
3926,LM4330
3038,LM4330
0346,LM4330
0965,LM4330
0714,LM4330
7684,LM4330
1523,LM4330
1296,LM4330
1087,LM4330
0193,LM4330
1742,LM4330
3574,LM4330
7003,LM4330
3926,SS3421
3038,SS3421
0346,SS3421
0965,SS3421
3038,NC1870
0346,NC1870
0965,NC1870
0714,NC1870
7684,NC1870
1523,NC1870
1296,NC1870
1087,NC1870
0193,NC1870
1742,NC1870
3574,NC1870
6543,NC1870
7003,NC1870
7461,NC1870
1678,NC1870
2381,NC1870
0582,NC1870
3294,NC1870
7920,NC1870
3926,AR6511
3038,AR6511
0346,AR6511
0965,AR6511
0714,AR6511
7684,AR6511
1523,AR6511
3926,KL7809
3038,KL7809
0346,KL7809
0965,KL7809
0714,KL7809
7684,KL7809
1523,KL7809
1087,KL7809
0193,KL7809
1742,KL7809
3574,KL7809
6543,KL7809
7003,KL7809
7461,KL7809
1678,KL7809
3926,IC7007
3038,IC7007
3926,AE6293
3038,AE6293
0346,AE6293
0965,AE6293
7684,AE6293
1523,AE6293
1087,AE6293
1742,AE6293
2007,AE6293
3574,AE6293
6543,AE6293
7003,AE6293
7461,AE6293
1678,AE6293
3926,GM9562
3038,GM9562
0346,GM9562
3926,TG7968
3038,TG7968
0346,TG7968
0965,TG7968
0714,TG7968
7684,TG7968
1523,TG7968
1296,TG7968
1087,TG7968
0193,TG7968
1742,TG7968
2007,TG7968
3574,TG7968
6543,TG7968
7003,TG7968
3926,MM2970
0346,MM2970
0965,MM2970
0714,MM2970
7684,MM2970
1523,MM2970
1296,MM2970
1087,MM2970
3926,KS5093
3926,GB4001
3038,GB4001
3926,NW2569
3038,NW2569
3926,QC6181
0346,QC6181
0965,QC6181
0714,QC6181
1523,QC6181
1296,QC6181
1087,QC6181
0193,QC6181
1742,QC6181
2007,QC6181
3574,QC6181
6543,QC6181
7003,QC6181
7461,QC6181
1678,QC6181
2381,QC6181
3926,LA6705
3038,LA6705
0346,LA6705
0965,LA6705
0714,LA6705
7684,LA6705
1523,LA6705
1296,LA6705
0193,LA6705
1742,LA6705
3926,PH3775
3038,PH3775
3926,RG9479
3038,RG9479
0346,RG9479
0965,RG9479
0714,RG9479
7684,RG9479
1523,RG9479
1296,RG9479
1087,RG9479
3038,WC6769
0346,WC6769
0965,WC6769
0714,WC6769
7684,WC6769
1523,WC6769
1296,WC6769
1087,WC6769
0193,WC6769
1742,WC6769
2007,WC6769
3574,WC6769
6543,WC6769
7003,WC6769
7461,WC6769
1678,WC6769
2381,WC6769
0582,WC6769
3294,WC6769
7920,WC6769
3498,WC6769
6014,WC6769
1979,WC6769
3926,IB4031
3038,IB4031
0346,IB4031
3926,KS9346
3038,KS9346
0965,KS9346
0714,KS9346
7684,KS9346
1523,KS9346
1087,KS9346
0193,KS9346
1742,KS9346
3574,KS9346
6543,KS9346
7003,KS9346
7461,KS9346
1678,KS9346
2381,KS9346
0582,KS9346
3294,KS9346
7920,KS9346
3498,KS9346
3926,MM3746
3038,MM3746
0346,MM3746
0965,MM3746
0714,MM3746
7684,MM3746
3926,MM2698
3038,MM2698
0346,MM2698
0965,MM2698
0714,MM2698
7684,MM2698
1523,MM2698
1296,MM2698
0193,MM2698
2007,MM2698
3574,MM2698
6543,MM2698
7003,MM2698
1678,MM2698
0582,MM2698
3294,MM2698
7920,MM2698
3498,MM2698
6014,MM2698
3926,RH4074
3038,RH4074
0346,RH4074
0965,RH4074
0714,RH4074
7684,RH4074
1523,RH4074
1296,RH4074
1087,RH4074
1742,RH4074
2007,RH4074
3926,QD8774
3038,QD8774
0346,QD8774
0965,QD8774
0714,QD8774
7684,QD8774
1296,QD8774
1087,QD8774
2007,QD8774
3574,QD8774
6543,QD8774
3926,BC2651
3038,BC2651
0346,BC2651
0714,BC2651
7684,BC2651
1523,BC2651
1296,BC2651
1087,BC2651
0193,BC2651
1742,BC2651
2007,BC2651
3574,BC2651
7003,BC2651
7461,BC2651
3926,JP8042
3038,JP8042
0346,JP8042
0965,JP8042
0714,JP8042
1523,JP8042
1087,JP8042
0193,JP8042
1742,JP8042
2007,JP8042
3926,AC2239
3038,AC2239
0346,AC2239
0965,AC2239
0714,AC2239
7684,AC2239
1523,AC2239
1296,AC2239
0193,AC2239
1742,AC2239
2007,AC2239
3574,AC2239
6543,AC2239
7003,AC2239
7461,AC2239
1678,AC2239
3926,RR4671
3038,RR4671
0346,RR4671
3926,RM5186
3038,RM5186
0346,RM5186
0965,RM5186
0714,RM5186
7684,RM5186
1523,RM5186
1296,RM5186
3038,AM3005
0346,AM3005
0965,AM3005
7684,AM3005
1523,AM3005
1296,AM3005
1087,AM3005
0193,AM3005
2007,AM3005
3574,AM3005
6543,AM3005
7003,AM3005
7461,AM3005
1678,AM3005
3926,AP6649
3038,AP6649
0346,AP6649
0965,AP6649
0714,AP6649
1523,AP6649
1296,AP6649
1087,AP6649
0193,AP6649
1742,AP6649
2007,AP6649
3574,AP6649
6543,AP6649
7003,AP6649
7461,AP6649
1678,AP6649
0582,AP6649
3294,AP6649
7920,AP6649
3498,AP6649
3926,AV1038
3038,AV1038
0346,AV1038
0965,AV1038
0714,AV1038
1523,AV1038
1296,AV1038
1087,AV1038
0193,AV1038
1742,AV1038
2007,AV1038
3574,AV1038
3926,CD8757
3038,CD8757
0346,CD8757
0965,CD8757
0714,CD8757
7684,CD8757
1523,CD8757
1296,CD8757
1087,CD8757
0193,CD8757
1742,CD8757
3574,CD8757
7003,CD8757
7461,CD8757
1678,CD8757
2381,CD8757
0582,CD8757
3294,CD8757
7920,CD8757
3498,CD8757
6014,CD8757
3926,KA7127
3038,KA7127
0346,KA7127
0965,KA7127
0714,KA7127
7684,KA7127
1523,KA7127
1296,KA7127
1087,KA7127
0193,KA7127
1742,KA7127
2007,KA7127
3574,KA7127
6543,KA7127
7003,KA7127
7461,KA7127
1678,KA7127
2381,KA7127
0582,KA7127
3926,CW9415
3038,CW9415
0346,CW9415
0965,CW9415
0714,CW9415
7684,CW9415
1523,CW9415
1296,CW9415
1087,CW9415
3926,MM8436
3038,MM8436
0346,MM8436
0965,MM8436
0714,MM8436
7684,MM8436
1523,MM8436
1296,MM8436
1087,MM8436
1742,MM8436
2007,MM8436
3574,MM8436
6543,MM8436
7003,MM8436
7461,MM8436
1678,MM8436
2381,MM8436
0582,MM8436
3294,MM8436
7920,MM8436
3498,MM8436
6014,MM8436
3926,ZC1441
3038,ZC1441
0346,ZC1441
0965,ZC1441
7684,ZC1441
1523,ZC1441
1296,ZC1441
1087,ZC1441
0193,ZC1441
1742,ZC1441
2007,ZC1441
3574,ZC1441
6543,ZC1441
7003,ZC1441
7461,ZC1441
1678,ZC1441
2381,ZC1441
0582,ZC1441
3926,GM9623
3038,GM9623
3926,GS5919
3038,GS5919
0346,GS5919
0965,GS5919
7684,GS5919
1523,GS5919
1296,GS5919
1087,GS5919
0193,GS5919
1742,GS5919
3574,GS5919
7003,GS5919
7461,GS5919
1678,GS5919
2381,GS5919
0582,GS5919
3294,GS5919
7920,GS5919
3498,GS5919
6014,GS5919
3926,BD8344
3038,BD8344
0965,BD8344
0714,BD8344
7684,BD8344
1523,BD8344
1296,BD8344
1087,BD8344
0193,BD8344
1742,BD8344
2007,BD8344
3574,BD8344
3926,AB8194
3038,AB8194
0346,AB8194
0965,AB8194
0714,AB8194
7684,AB8194
1523,AB8194
1296,AB8194
1087,AB8194
0193,AB8194
3926,RR8972
3038,RR8972
0346,RR8972
0965,RR8972
3926,AO4904
3038,AO4904
0346,AO4904
0965,AO4904
0714,AO4904
7684,AO4904
1523,AO4904
1296,AO4904
1087,AO4904
0193,AO4904
2007,AO4904
3574,AO4904
6543,AO4904
7003,AO4904
1678,AO4904
2381,AO4904
3038,DW7405
0346,DW7405
0714,DW7405
7684,DW7405
1523,DW7405
